# Blender 5.0.1
# www.blender.org
mtllib Segment_Assembly_Fixture.mtl
o Vorrichtung_V_2
v -0.150088 0.045000 0.016478
v -0.150535 0.045000 0.015383
v -0.150712 0.045000 0.014213
v -0.150610 0.045000 0.013035
v -0.150234 0.045000 0.011914
v -0.149605 0.045000 0.010912
v -0.148758 0.045000 0.010087
v -0.145715 0.050000 0.014054
v -0.146688 0.049875 0.014593
v -0.147612 0.049505 0.015105
v -0.148441 0.048909 0.015565
v -0.149134 0.048117 0.015949
v -0.149655 0.047169 0.016238
v -0.149978 0.046113 0.016417
v -0.145715 0.050000 0.014054
v -0.146392 0.049875 0.013171
v -0.147035 0.049505 0.012332
v -0.147612 0.048909 0.011580
v -0.148094 0.048117 0.010952
v -0.148457 0.047169 0.010479
v -0.148682 0.046113 0.010186
v -0.149115 0.046545 0.010729
v -0.149911 0.046545 0.011817
v -0.150370 0.046545 0.013085
v -0.148979 0.047939 0.011664
v -0.150455 0.046545 0.014431
v -0.149518 0.047939 0.012677
v -0.147816 0.049045 0.011999
v -0.150159 0.046545 0.015746
v -0.149752 0.047939 0.013800
v -0.148308 0.049045 0.012671
v -0.149661 0.047939 0.014943
v -0.148592 0.049045 0.013455
v -0.146961 0.049755 0.013141
v -0.148644 0.049045 0.014287
v -0.147167 0.049755 0.013528
v -0.148461 0.049045 0.015100
v -0.147257 0.049755 0.013957
v -0.147222 0.049755 0.014393
v -0.145715 0.050000 0.014054
v -0.146392 0.049875 0.013171
v -0.147035 0.049505 0.012332
v -0.147612 0.048909 0.011580
v -0.148094 0.048117 0.010952
v -0.148457 0.047169 0.010479
v -0.148682 0.046113 0.010186
v -0.148758 0.045000 0.010087
v -0.116326 0.050000 -0.005238
v -0.126433 0.050000 0.000710
v -0.136237 0.050000 0.007145
v -0.117284 0.049592 -0.006968
v -0.116869 0.049873 -0.006219
v -0.116600 0.049968 -0.005733
v -0.121399 0.045000 -0.008117
v -0.120353 0.046406 -0.008481
v -0.119294 0.047631 -0.008450
v -0.118500 0.048457 -0.008162
v -0.117867 0.049065 -0.007712
v -0.117554 0.049352 -0.007373
v -0.139913 0.045000 0.003611
v -0.130788 0.045000 -0.002461
v -0.121336 0.046113 -0.008009
v -0.121153 0.047169 -0.007688
v -0.120857 0.048117 -0.007171
v -0.120463 0.048909 -0.006483
v -0.119993 0.049505 -0.005661
v -0.119472 0.049873 -0.004751
v -0.129008 0.046113 -0.003430
v -0.128812 0.047169 -0.003116
v -0.128498 0.048117 -0.002610
v -0.128080 0.048909 -0.001938
v -0.127579 0.049505 -0.001133
v -0.127025 0.049873 -0.000242
v -0.139012 0.046113 0.003137
v -0.138801 0.047169 0.003441
v -0.138462 0.048117 0.003931
v -0.138012 0.048909 0.004582
v -0.137472 0.049505 0.005362
v -0.136875 0.049873 0.006224
v -0.150088 0.045000 0.016478
v -0.150088 0.016000 0.016478
v -0.150535 0.045000 0.015383
v -0.150712 0.045000 0.014213
v -0.150610 0.045000 0.013035
v -0.150234 0.045000 0.011914
v -0.149605 0.045000 0.010912
v -0.148758 0.045000 0.010087
v -0.148758 0.016000 0.010087
v -0.149605 0.016000 0.010912
v -0.150234 0.016000 0.011914
v -0.150610 0.016000 0.013035
v -0.150712 0.016000 0.014213
v -0.150535 0.016000 0.015383
v 0.148758 0.045000 0.010087
v 0.149605 0.045000 0.010912
v 0.150234 0.045000 0.011914
v 0.150610 0.045000 0.013035
v 0.150712 0.045000 0.014213
v 0.150535 0.045000 0.015383
v 0.150088 0.045000 0.016478
v 0.148682 0.046113 0.010186
v 0.148457 0.047169 0.010479
v 0.148094 0.048117 0.010952
v 0.147612 0.048909 0.011580
v 0.147035 0.049505 0.012332
v 0.146392 0.049875 0.013171
v 0.145715 0.050000 0.014054
v 0.145715 0.050000 0.014054
v 0.149978 0.046113 0.016417
v 0.149655 0.047169 0.016238
v 0.149134 0.048117 0.015949
v 0.148441 0.048909 0.015565
v 0.147612 0.049505 0.015105
v 0.146688 0.049875 0.014593
v 0.150159 0.046545 0.015746
v 0.150455 0.046545 0.014431
v 0.150370 0.046545 0.013085
v 0.149661 0.047939 0.014943
v 0.149911 0.046545 0.011817
v 0.149752 0.047939 0.013800
v 0.148461 0.049045 0.015100
v 0.149115 0.046545 0.010729
v 0.149518 0.047939 0.012677
v 0.148644 0.049045 0.014287
v 0.148979 0.047939 0.011664
v 0.148592 0.049045 0.013455
v 0.147222 0.049755 0.014393
v 0.148308 0.049045 0.012671
v 0.147257 0.049755 0.013957
v 0.147816 0.049045 0.011999
v 0.147167 0.049755 0.013528
v 0.146961 0.049755 0.013141
v 0.148758 0.045000 0.010087
v 0.148682 0.046113 0.010186
v 0.148457 0.047169 0.010479
v 0.148094 0.048117 0.010952
v 0.147612 0.048909 0.011580
v 0.147035 0.049505 0.012332
v 0.146392 0.049875 0.013171
v 0.145715 0.050000 0.014054
v 0.121399 0.045000 -0.008117
v 0.130788 0.045000 -0.002461
v 0.139913 0.045000 0.003611
v 0.117284 0.049592 -0.006968
v 0.117658 0.049257 -0.007498
v 0.118102 0.048845 -0.007908
v 0.118578 0.048379 -0.008202
v 0.119070 0.047872 -0.008394
v 0.119717 0.047161 -0.008508
v 0.120420 0.046322 -0.008470
v 0.120927 0.045665 -0.008335
v 0.116326 0.050000 -0.005238
v 0.116761 0.049919 -0.006024
v 0.117027 0.049786 -0.006503
v 0.136237 0.050000 0.007145
v 0.126433 0.050000 0.000710
v 0.139842 0.046113 0.003714
v 0.139632 0.047161 0.004014
v 0.139289 0.048117 0.004506
v 0.138881 0.048845 0.005090
v 0.138293 0.049505 0.005932
v 0.137688 0.049875 0.006799
v 0.130720 0.046113 -0.002355
v 0.130525 0.047161 -0.002046
v 0.130204 0.048117 -0.001539
v 0.129823 0.048845 -0.000937
v 0.129273 0.049505 -0.000069
v 0.128707 0.049875 0.000823
v 0.121336 0.046113 -0.008009
v 0.121155 0.047161 -0.007691
v 0.120857 0.048117 -0.007171
v 0.120503 0.048845 -0.006552
v 0.119993 0.049505 -0.005661
v 0.119468 0.049875 -0.004743
v 0.148758 0.045000 0.010087
v 0.148758 0.016000 0.010087
v 0.149605 0.045000 0.010912
v 0.150234 0.045000 0.011914
v 0.150610 0.045000 0.013035
v 0.150712 0.045000 0.014213
v 0.150535 0.045000 0.015383
v 0.150088 0.045000 0.016478
v 0.150088 0.016000 0.016478
v 0.150535 0.016000 0.015383
v 0.150712 0.016000 0.014213
v 0.150610 0.016000 0.013035
v 0.150234 0.016000 0.011914
v 0.149605 0.016000 0.010912
v -0.063077 0.016000 -0.028599
v -0.063716 0.016000 -0.028425
v -0.064354 0.016000 -0.028249
v -0.064991 0.016000 -0.028071
v -0.062666 0.016000 -0.028761
v -0.062301 0.016000 -0.029010
v -0.061999 0.016000 -0.029332
v -0.061775 0.016000 -0.029713
v -0.061640 0.016000 -0.030135
v -0.061601 0.016000 -0.030575
v -0.061660 0.016000 -0.031013
v -0.072189 0.016000 -0.073243
v -0.073294 0.016000 -0.072842
v -0.145396 0.016000 -0.046676
v -0.151980 0.016000 -0.043318
v -0.157543 0.016000 -0.038453
v -0.161748 0.016000 -0.032375
v -0.164339 0.016000 -0.025454
v -0.165160 0.016000 -0.018110
v -0.164160 0.016000 -0.010787
v -0.161401 0.016000 -0.003931
v -0.150088 0.016000 0.016478
v -0.148758 0.016000 0.010087
v -0.149605 0.016000 0.010912
v -0.150234 0.016000 0.011914
v -0.150610 0.016000 0.013035
v -0.150712 0.016000 0.014213
v -0.150535 0.016000 0.015383
v -0.121399 0.016000 -0.008117
v -0.130788 0.016000 -0.002461
v -0.139913 0.016000 0.003611
v -0.120776 0.016000 -0.008385
v -0.120110 0.016000 -0.008507
v -0.119433 0.016000 -0.008476
v -0.118780 0.016000 -0.008293
v -0.118185 0.016000 -0.007969
v -0.117678 0.016000 -0.007520
v -0.117284 0.016000 -0.006968
v -0.117101 0.016000 -0.006638
v -0.083829 0.016000 -0.021951
v -0.095174 0.016000 -0.017411
v -0.106274 0.016000 -0.012303
v -0.082728 0.016000 -0.022222
v -0.081593 0.016000 -0.022238
v -0.080485 0.016000 -0.021998
v -0.079459 0.016000 -0.021515
v -0.078568 0.016000 -0.020813
v -0.077859 0.016000 -0.019928
v -0.077367 0.016000 -0.018905
v -0.068429 0.016000 -0.021810
v -0.068235 0.016000 -0.020708
v -0.068307 0.016000 -0.019592
v -0.068640 0.016000 -0.018525
v -0.069216 0.016000 -0.017566
v -0.070002 0.016000 -0.016771
v -0.070954 0.016000 -0.016184
v -0.072018 0.016000 -0.015838
v -0.073133 0.016000 -0.015754
v -0.074236 0.016000 -0.015935
v -0.075266 0.016000 -0.016372
v -0.076163 0.016000 -0.017040
v -0.076877 0.016000 -0.017900
v -0.068632 0.016000 -0.022925
v -0.068578 0.016000 -0.024058
v -0.068271 0.016000 -0.025150
v -0.067725 0.016000 -0.026144
v -0.066969 0.016000 -0.026990
v -0.066042 0.016000 -0.027644
v 0.072189 0.016000 -0.073243
v 0.061660 0.016000 -0.031013
v 0.061601 0.016000 -0.030575
v 0.061640 0.016000 -0.030135
v 0.061775 0.016000 -0.029713
v 0.061999 0.016000 -0.029332
v 0.062301 0.016000 -0.029010
v 0.062666 0.016000 -0.028761
v 0.063077 0.016000 -0.028599
v 0.064991 0.016000 -0.028071
v 0.064354 0.016000 -0.028249
v 0.063716 0.016000 -0.028425
v 0.066042 0.016000 -0.027644
v 0.066969 0.016000 -0.026990
v 0.067725 0.016000 -0.026144
v 0.068271 0.016000 -0.025150
v 0.068578 0.016000 -0.024058
v 0.068632 0.016000 -0.022925
v 0.068429 0.016000 -0.021810
v 0.077367 0.016000 -0.018905
v 0.076877 0.016000 -0.017900
v 0.076163 0.016000 -0.017040
v 0.075266 0.016000 -0.016372
v 0.074236 0.016000 -0.015935
v 0.073133 0.016000 -0.015754
v 0.072018 0.016000 -0.015838
v 0.070954 0.016000 -0.016184
v 0.070002 0.016000 -0.016771
v 0.069216 0.016000 -0.017566
v 0.068640 0.016000 -0.018525
v 0.068307 0.016000 -0.019592
v 0.068235 0.016000 -0.020708
v 0.077859 0.016000 -0.019928
v 0.078568 0.016000 -0.020813
v 0.079459 0.016000 -0.021515
v 0.080485 0.016000 -0.021998
v 0.081593 0.016000 -0.022238
v 0.082728 0.016000 -0.022222
v 0.083829 0.016000 -0.021951
v 0.117101 0.016000 -0.006638
v 0.106274 0.016000 -0.012303
v 0.095174 0.016000 -0.017411
v 0.117284 0.016000 -0.006968
v 0.117678 0.016000 -0.007520
v 0.118185 0.016000 -0.007969
v 0.118780 0.016000 -0.008293
v 0.119433 0.016000 -0.008476
v 0.120110 0.016000 -0.008507
v 0.120776 0.016000 -0.008385
v 0.121399 0.016000 -0.008117
v 0.148758 0.016000 0.010087
v 0.139913 0.016000 0.003611
v 0.130788 0.016000 -0.002461
v 0.150088 0.016000 0.016478
v 0.150535 0.016000 0.015383
v 0.150712 0.016000 0.014213
v 0.150610 0.016000 0.013035
v 0.150234 0.016000 0.011914
v 0.149605 0.016000 0.010912
v 0.161401 0.016000 -0.003931
v 0.164160 0.016000 -0.010787
v 0.165160 0.016000 -0.018110
v 0.164339 0.016000 -0.025454
v 0.161748 0.016000 -0.032375
v 0.157543 0.016000 -0.038453
v 0.151980 0.016000 -0.043318
v 0.145396 0.016000 -0.046676
v 0.073294 0.016000 -0.072842
v 0.073294 0.000000 -0.072842
v 0.145396 0.000000 -0.046676
v 0.073294 0.016000 -0.072842
v 0.145396 0.016000 -0.046676
v -0.145396 0.016000 -0.046676
v -0.145396 0.000000 -0.046676
v -0.073294 0.000000 -0.072842
v -0.073294 0.016000 -0.072842
v -0.101324 0.016000 0.101262
v -0.101324 0.000000 0.101262
v -0.075000 0.016000 0.101262
v -0.075000 0.000000 0.101262
v -0.110314 0.048000 0.005607
v -0.117101 0.048000 -0.006638
v 0.110314 0.048000 0.005607
v 0.091566 0.048000 -0.003713
v 0.072038 0.048000 -0.011266
v 0.051898 0.048000 -0.016988
v 0.031317 0.048000 -0.020829
v 0.010469 0.048000 -0.022758
v -0.010469 0.048000 -0.022758
v -0.031317 0.048000 -0.020829
v -0.051898 0.048000 -0.016988
v -0.072038 0.048000 -0.011266
v -0.091566 0.048000 -0.003713
v 0.117101 0.048000 -0.006638
v 0.083829 0.048000 -0.021951
v 0.095174 0.048000 -0.017411
v 0.106274 0.048000 -0.012303
v 0.082728 0.048000 -0.022222
v 0.081593 0.048000 -0.022238
v 0.080485 0.048000 -0.021998
v 0.079459 0.048000 -0.021515
v 0.078568 0.048000 -0.020813
v 0.077859 0.048000 -0.019928
v 0.077367 0.048000 -0.018905
v 0.068429 0.048000 -0.021810
v 0.068235 0.048000 -0.020708
v 0.068307 0.048000 -0.019592
v 0.068640 0.048000 -0.018525
v 0.069216 0.048000 -0.017566
v 0.070002 0.048000 -0.016771
v 0.070954 0.048000 -0.016184
v 0.072018 0.048000 -0.015838
v 0.073133 0.048000 -0.015754
v 0.074236 0.048000 -0.015935
v 0.075266 0.048000 -0.016372
v 0.076163 0.048000 -0.017040
v 0.076877 0.048000 -0.017900
v 0.068632 0.048000 -0.022925
v 0.068578 0.048000 -0.024058
v 0.068271 0.048000 -0.025150
v 0.067725 0.048000 -0.026144
v 0.066969 0.048000 -0.026990
v 0.066042 0.048000 -0.027644
v 0.064991 0.048000 -0.028071
v 0.063077 0.048000 -0.028599
v 0.063716 0.048000 -0.028425
v 0.064354 0.048000 -0.028249
v 0.062666 0.048000 -0.028761
v 0.062301 0.048000 -0.029010
v 0.061999 0.048000 -0.029332
v 0.061775 0.048000 -0.029713
v 0.061640 0.048000 -0.030135
v 0.061601 0.048000 -0.030575
v 0.061660 0.048000 -0.031013
v 0.062616 0.048000 -0.034846
v 0.062420 0.048000 -0.034321
v 0.062112 0.048000 -0.033852
v 0.061708 0.048000 -0.033464
v 0.061227 0.048000 -0.033176
v 0.060694 0.048000 -0.033002
v 0.060136 0.048000 -0.032952
v 0.059581 0.048000 -0.033026
v 0.055424 0.048000 -0.034033
v 0.051250 0.048000 -0.034966
v 0.047060 0.048000 -0.035826
v 0.045610 0.048000 -0.027598
v 0.036352 0.048000 -0.029231
v 0.036292 0.048000 -0.028099
v 0.036503 0.048000 -0.026986
v 0.036975 0.048000 -0.025956
v 0.037680 0.048000 -0.025069
v 0.038577 0.048000 -0.024376
v 0.039613 0.048000 -0.023918
v 0.040729 0.048000 -0.023721
v 0.041859 0.048000 -0.023797
v 0.042939 0.048000 -0.024142
v 0.043904 0.048000 -0.024734
v 0.044700 0.048000 -0.025541
v 0.045280 0.048000 -0.026515
v 0.037803 0.048000 -0.037459
v 0.026816 0.048000 -0.038924
v 0.015774 0.048000 -0.039890
v 0.004700 0.048000 -0.040355
v 0.004700 0.048000 -0.032000
v -0.004700 0.048000 -0.032000
v -0.004563 0.048000 -0.030875
v -0.004162 0.048000 -0.029816
v -0.003518 0.048000 -0.028883
v -0.002670 0.048000 -0.028132
v -0.001667 0.048000 -0.027605
v -0.000567 0.048000 -0.027334
v 0.000567 0.048000 -0.027334
v 0.001667 0.048000 -0.027605
v 0.002670 0.048000 -0.028132
v 0.003518 0.048000 -0.028883
v 0.004162 0.048000 -0.029816
v 0.004563 0.048000 -0.030875
v -0.004700 0.048000 -0.040355
v -0.015774 0.048000 -0.039890
v -0.026816 0.048000 -0.038924
v -0.037803 0.048000 -0.037459
v -0.036352 0.048000 -0.029231
v -0.045610 0.048000 -0.027598
v -0.045280 0.048000 -0.026515
v -0.044700 0.048000 -0.025541
v -0.043904 0.048000 -0.024734
v -0.042939 0.048000 -0.024142
v -0.041859 0.048000 -0.023797
v -0.040729 0.048000 -0.023721
v -0.039613 0.048000 -0.023918
v -0.038577 0.048000 -0.024376
v -0.037680 0.048000 -0.025069
v -0.036975 0.048000 -0.025956
v -0.036503 0.048000 -0.026986
v -0.036292 0.048000 -0.028099
v -0.047060 0.048000 -0.035826
v -0.051250 0.048000 -0.034966
v -0.055424 0.048000 -0.034033
v -0.059581 0.048000 -0.033026
v -0.060136 0.048000 -0.032952
v -0.060694 0.048000 -0.033002
v -0.061227 0.048000 -0.033176
v -0.061708 0.048000 -0.033464
v -0.062112 0.048000 -0.033852
v -0.062420 0.048000 -0.034321
v -0.062616 0.048000 -0.034846
v -0.061660 0.048000 -0.031013
v -0.061601 0.048000 -0.030575
v -0.061640 0.048000 -0.030135
v -0.061775 0.048000 -0.029713
v -0.061999 0.048000 -0.029332
v -0.062301 0.048000 -0.029010
v -0.062666 0.048000 -0.028761
v -0.063077 0.048000 -0.028599
v -0.064991 0.048000 -0.028071
v -0.064354 0.048000 -0.028249
v -0.063716 0.048000 -0.028425
v -0.066042 0.048000 -0.027644
v -0.066969 0.048000 -0.026990
v -0.067725 0.048000 -0.026144
v -0.068271 0.048000 -0.025150
v -0.068578 0.048000 -0.024058
v -0.068632 0.048000 -0.022925
v -0.068429 0.048000 -0.021810
v -0.077367 0.048000 -0.018905
v -0.076877 0.048000 -0.017900
v -0.076163 0.048000 -0.017040
v -0.075266 0.048000 -0.016372
v -0.074236 0.048000 -0.015935
v -0.073133 0.048000 -0.015754
v -0.072018 0.048000 -0.015838
v -0.070954 0.048000 -0.016184
v -0.070002 0.048000 -0.016771
v -0.069216 0.048000 -0.017566
v -0.068640 0.048000 -0.018525
v -0.068307 0.048000 -0.019592
v -0.068235 0.048000 -0.020708
v -0.077859 0.048000 -0.019928
v -0.078568 0.048000 -0.020813
v -0.079459 0.048000 -0.021515
v -0.080485 0.048000 -0.021998
v -0.081593 0.048000 -0.022238
v -0.082728 0.048000 -0.022222
v -0.083829 0.048000 -0.021951
v -0.106274 0.048000 -0.012303
v -0.095174 0.048000 -0.017411
v -0.111670 0.048000 -0.006741
v -0.115606 0.048000 -0.004559
v -0.106822 0.048000 0.002006
v -0.105846 0.048000 0.001298
v -0.105068 0.048000 0.000378
v -0.104532 0.048000 -0.000702
v -0.104270 0.048000 -0.001878
v -0.104298 0.048000 -0.003083
v -0.104613 0.048000 -0.004247
v -0.105197 0.048000 -0.005301
v -0.106017 0.048000 -0.006185
v -0.107024 0.048000 -0.006847
v -0.108161 0.048000 -0.007248
v -0.109360 0.048000 -0.007366
v -0.110553 0.048000 -0.007194
v -0.110758 0.048000 0.004187
v 0.110758 0.048000 0.004187
v 0.115606 0.048000 -0.004559
v 0.106822 0.048000 0.002006
v 0.111670 0.048000 -0.006741
v 0.110553 0.048000 -0.007194
v 0.109360 0.048000 -0.007366
v 0.108161 0.048000 -0.007248
v 0.107024 0.048000 -0.006847
v 0.106017 0.048000 -0.006185
v 0.105197 0.048000 -0.005301
v 0.104613 0.048000 -0.004247
v 0.104298 0.048000 -0.003083
v 0.104270 0.048000 -0.001878
v 0.104532 0.048000 -0.000702
v 0.105068 0.048000 0.000378
v 0.105846 0.048000 0.001298
v 0.161401 0.016000 -0.003931
v 0.150088 0.016000 0.016478
v 0.150088 0.045000 0.016478
v 0.116905 0.045000 0.076340
v 0.116905 0.016000 0.076340
v 0.103948 0.016000 0.099716
v 0.103948 0.000000 0.099716
v 0.161401 0.000000 -0.003931
v -0.116905 0.016000 0.076340
v -0.116905 0.045000 0.076340
v -0.103948 0.016000 0.099716
v -0.103948 0.000000 0.099716
v -0.161401 0.000000 -0.003931
v -0.161401 0.016000 -0.003931
v -0.150088 0.016000 0.016478
v -0.150088 0.045000 0.016478
v -0.145715 0.050000 0.014054
v -0.112532 0.050000 0.073916
v -0.146688 0.049875 0.014593
v -0.147612 0.049505 0.015105
v -0.148441 0.048909 0.015565
v -0.149134 0.048117 0.015949
v -0.149655 0.047169 0.016238
v -0.149978 0.046113 0.016417
v -0.150088 0.045000 0.016478
v -0.116905 0.045000 0.076340
v -0.116796 0.046113 0.076279
v -0.116472 0.047169 0.076100
v -0.115951 0.048117 0.075811
v -0.115259 0.048909 0.075428
v -0.114430 0.049505 0.074968
v -0.113505 0.049875 0.074456
v 0.150088 0.045000 0.016478
v 0.116905 0.045000 0.076340
v 0.149978 0.046113 0.016417
v 0.149655 0.047169 0.016238
v 0.149134 0.048117 0.015949
v 0.148441 0.048909 0.015565
v 0.147612 0.049505 0.015105
v 0.146688 0.049875 0.014593
v 0.145715 0.050000 0.014054
v 0.112532 0.050000 0.073916
v 0.113505 0.049875 0.074456
v 0.114430 0.049505 0.074968
v 0.115259 0.048909 0.075428
v 0.115951 0.048117 0.075811
v 0.116472 0.047169 0.076100
v 0.116796 0.046113 0.076279
v -0.083354 0.016000 0.053626
v -0.086042 0.016000 0.048777
v -0.083354 0.045000 0.053626
v -0.086042 0.045000 0.048777
v 0.086042 0.016000 0.048777
v 0.083354 0.016000 0.053626
v 0.086042 0.045000 0.048777
v 0.083354 0.045000 0.053626
v -0.148758 0.016000 0.010087
v -0.148758 0.045000 0.010087
v -0.139913 0.045000 0.003611
v -0.130788 0.045000 -0.002461
v -0.121399 0.045000 -0.008117
v -0.121399 0.016000 -0.008117
v -0.130788 0.016000 -0.002461
v -0.139913 0.016000 0.003611
v 0.101324 0.000000 0.101262
v 0.101324 0.016000 0.101262
v 0.075000 0.000000 0.101262
v 0.075000 0.016000 0.101262
v 0.103948 0.016000 0.099716
v 0.103948 0.000000 0.099716
v 0.103581 0.016000 0.100238
v 0.103113 0.016000 0.100670
v 0.102563 0.016000 0.100994
v 0.101958 0.016000 0.101194
v 0.101324 0.016000 0.101262
v 0.101324 0.000000 0.101262
v 0.103581 0.000000 0.100238
v 0.103113 0.000000 0.100670
v 0.102563 0.000000 0.100994
v 0.101958 0.000000 0.101194
v -0.101324 0.016000 0.101262
v -0.101324 0.000000 0.101262
v -0.101958 0.016000 0.101194
v -0.102563 0.016000 0.100994
v -0.103113 0.016000 0.100670
v -0.103581 0.016000 0.100238
v -0.103948 0.016000 0.099716
v -0.103948 0.000000 0.099716
v -0.101958 0.000000 0.101194
v -0.102563 0.000000 0.100994
v -0.103113 0.000000 0.100670
v -0.103581 0.000000 0.100238
v -0.116326 0.050000 -0.005238
v -0.104496 0.050000 0.016102
v -0.126433 0.050000 0.000710
v -0.136237 0.050000 0.007145
v -0.145715 0.050000 0.014054
v -0.112532 0.050000 0.073916
v -0.104622 0.050000 0.067473
v -0.096344 0.050000 0.061511
v -0.087727 0.050000 0.056050
v -0.090415 0.050000 0.051201
v -0.086304 0.050000 0.048922
v -0.092376 0.050000 0.037968
v -0.098651 0.050000 0.041446
v -0.110771 0.050000 0.019580
v 0.072189 0.045000 -0.073243
v 0.072189 0.016000 -0.073243
v 0.037983 0.016000 -0.085656
v 0.037983 0.045000 -0.085656
v 0.161401 0.016000 -0.003931
v 0.164160 0.016000 -0.010787
v 0.165160 0.016000 -0.018110
v 0.164339 0.016000 -0.025454
v 0.161748 0.016000 -0.032375
v 0.157543 0.016000 -0.038453
v 0.151980 0.016000 -0.043318
v 0.145396 0.016000 -0.046676
v 0.161401 0.000000 -0.003931
v 0.164160 0.000000 -0.010787
v 0.165160 0.000000 -0.018110
v 0.164339 0.000000 -0.025454
v 0.161748 0.000000 -0.032375
v 0.157543 0.000000 -0.038453
v 0.151980 0.000000 -0.043318
v 0.145396 0.000000 -0.046676
v -0.145396 0.016000 -0.046676
v -0.151980 0.016000 -0.043318
v -0.157543 0.016000 -0.038453
v -0.161748 0.016000 -0.032375
v -0.164339 0.016000 -0.025454
v -0.165160 0.016000 -0.018110
v -0.164160 0.016000 -0.010787
v -0.161401 0.016000 -0.003931
v -0.145396 0.000000 -0.046676
v -0.151980 0.000000 -0.043318
v -0.157543 0.000000 -0.038453
v -0.161748 0.000000 -0.032375
v -0.164339 0.000000 -0.025454
v -0.165160 0.000000 -0.018110
v -0.164160 0.000000 -0.010787
v -0.161401 0.000000 -0.003931
v -0.037983 0.045000 -0.085656
v -0.037983 0.016000 -0.085656
v -0.072189 0.045000 -0.073243
v -0.072189 0.016000 -0.073243
v 0.112532 0.050000 0.073916
v 0.145715 0.050000 0.014054
v 0.136237 0.050000 0.007145
v 0.126433 0.050000 0.000710
v 0.116326 0.050000 -0.005238
v 0.104496 0.050000 0.016102
v 0.110771 0.050000 0.019580
v 0.098651 0.050000 0.041446
v 0.092376 0.050000 0.037968
v 0.086304 0.050000 0.048922
v 0.090415 0.050000 0.051201
v 0.087727 0.050000 0.056050
v 0.096344 0.050000 0.061511
v 0.104622 0.050000 0.067473
v 0.070973 0.050000 -0.068365
v 0.036278 0.050000 -0.080956
v -0.036278 0.050000 -0.080956
v -0.070973 0.050000 -0.068365
v -0.062616 0.050000 -0.034846
v -0.062420 0.050000 -0.034321
v -0.062112 0.050000 -0.033852
v -0.061708 0.050000 -0.033464
v -0.061227 0.050000 -0.033176
v -0.060694 0.050000 -0.033002
v -0.060136 0.050000 -0.032952
v -0.059581 0.050000 -0.033026
v -0.059126 0.050000 -0.033140
v -0.059277 0.050000 -0.033102
v -0.059429 0.050000 -0.033064
v -0.061055 0.050000 -0.040877
v -0.040929 0.050000 -0.045033
v -0.020533 0.050000 -0.047537
v -0.000000 0.050000 -0.048374
v 0.020533 0.050000 -0.047537
v 0.040929 0.050000 -0.045033
v 0.061055 0.050000 -0.040877
v 0.059126 0.050000 -0.033140
v 0.059581 0.050000 -0.033026
v 0.059429 0.050000 -0.033064
v 0.059277 0.050000 -0.033102
v 0.060136 0.050000 -0.032952
v 0.060694 0.050000 -0.033002
v 0.061227 0.050000 -0.033176
v 0.061708 0.050000 -0.033464
v 0.062112 0.050000 -0.033852
v 0.062420 0.050000 -0.034321
v 0.062616 0.050000 -0.034846
v 0.037983 0.045000 -0.085656
v 0.072189 0.045000 -0.073243
v 0.037941 0.046113 -0.085539
v 0.037815 0.047169 -0.085191
v 0.037611 0.048117 -0.084631
v 0.037341 0.048909 -0.083887
v 0.037018 0.049505 -0.082996
v 0.036657 0.049875 -0.082002
v 0.036278 0.050000 -0.080956
v 0.070973 0.050000 -0.068365
v 0.071270 0.049849 -0.069556
v 0.071539 0.049426 -0.070635
v 0.071762 0.048807 -0.071527
v 0.071947 0.047994 -0.072272
v 0.072083 0.047049 -0.072815
v 0.072162 0.046046 -0.073135
v 0.072183 0.045516 -0.073217
v 0.047060 0.016000 -0.035826
v 0.047060 0.048000 -0.035826
v 0.037803 0.016000 -0.037459
v 0.040896 0.016000 -0.036954
v 0.043982 0.016000 -0.036410
v 0.037803 0.048000 -0.037459
v 0.026816 0.048000 -0.038924
v 0.015774 0.048000 -0.039890
v 0.004700 0.048000 -0.040355
v 0.004700 0.016000 -0.040355
v -0.004700 0.016000 -0.040355
v -0.001567 0.016000 -0.040395
v 0.001567 0.016000 -0.040395
v -0.004700 0.048000 -0.040355
v -0.015774 0.048000 -0.039890
v -0.026816 0.048000 -0.038924
v -0.037803 0.048000 -0.037459
v -0.037803 0.016000 -0.037459
v -0.047060 0.016000 -0.035826
v -0.043982 0.016000 -0.036410
v -0.040896 0.016000 -0.036954
v -0.047060 0.048000 -0.035826
v -0.051250 0.048000 -0.034966
v -0.055424 0.048000 -0.034033
v -0.059581 0.048000 -0.033026
v -0.059581 0.050000 -0.033026
v -0.059126 0.050000 -0.033140
v -0.059277 0.050000 -0.033102
v -0.059429 0.050000 -0.033064
v -0.039636 0.050000 -0.037165
v -0.019884 0.050000 -0.039590
v -0.000000 0.050000 -0.040400
v 0.019884 0.050000 -0.039590
v 0.039636 0.050000 -0.037165
v 0.059126 0.050000 -0.033140
v 0.059581 0.050000 -0.033026
v 0.059429 0.050000 -0.033064
v 0.059277 0.050000 -0.033102
v 0.059581 0.048000 -0.033026
v 0.055424 0.048000 -0.034033
v 0.051250 0.048000 -0.034966
v 0.103948 0.000000 0.099716
v 0.103581 0.000000 0.100238
v 0.103113 0.000000 0.100670
v 0.102563 0.000000 0.100994
v 0.101958 0.000000 0.101194
v 0.101324 0.000000 0.101262
v 0.161401 0.000000 -0.003931
v 0.164160 0.000000 -0.010787
v 0.165160 0.000000 -0.018110
v 0.164339 0.000000 -0.025454
v 0.161748 0.000000 -0.032375
v 0.157543 0.000000 -0.038453
v 0.151980 0.000000 -0.043318
v 0.145396 0.000000 -0.046676
v 0.073294 0.000000 -0.072842
v 0.070000 0.000000 -0.077542
v 0.070149 0.000000 -0.076331
v 0.070586 0.000000 -0.075193
v 0.071286 0.000000 -0.074194
v 0.072207 0.000000 -0.073395
v 0.070000 0.000000 -0.223084
v 0.065000 0.000000 -0.228084
v 0.066113 0.000000 -0.227959
v 0.067169 0.000000 -0.227589
v 0.068117 0.000000 -0.226993
v 0.068909 0.000000 -0.226201
v 0.069505 0.000000 -0.225253
v 0.069875 0.000000 -0.224197
v -0.065000 0.000000 -0.228084
v -0.070000 0.000000 -0.223084
v -0.069875 0.000000 -0.224197
v -0.069505 0.000000 -0.225253
v -0.068909 0.000000 -0.226201
v -0.068117 0.000000 -0.226993
v -0.067169 0.000000 -0.227589
v -0.066113 0.000000 -0.227959
v -0.070000 0.000000 -0.077542
v -0.073294 0.000000 -0.072842
v -0.072207 0.000000 -0.073395
v -0.071286 0.000000 -0.074194
v -0.070586 0.000000 -0.075193
v -0.070149 0.000000 -0.076331
v -0.145396 0.000000 -0.046676
v -0.151980 0.000000 -0.043318
v -0.157543 0.000000 -0.038453
v -0.161748 0.000000 -0.032375
v -0.164339 0.000000 -0.025454
v -0.165160 0.000000 -0.018110
v -0.164160 0.000000 -0.010787
v -0.161401 0.000000 -0.003931
v -0.103948 0.000000 0.099716
v -0.101324 0.000000 0.101262
v -0.101958 0.000000 0.101194
v -0.102563 0.000000 0.100994
v -0.103113 0.000000 0.100670
v -0.103581 0.000000 0.100238
v -0.075000 0.000000 0.101262
v -0.070000 0.000000 0.106262
v -0.070125 0.000000 0.105149
v -0.070495 0.000000 0.104093
v -0.071091 0.000000 0.103145
v -0.071883 0.000000 0.102353
v -0.072831 0.000000 0.101757
v -0.073887 0.000000 0.101387
v -0.070000 0.000000 0.236262
v -0.065000 0.000000 0.241262
v -0.066113 0.000000 0.241137
v -0.067169 0.000000 0.240767
v -0.068117 0.000000 0.240171
v -0.068909 0.000000 0.239379
v -0.069505 0.000000 0.238431
v -0.069875 0.000000 0.237375
v 0.065000 0.000000 0.241262
v 0.070000 0.000000 0.236262
v 0.069875 0.000000 0.237375
v 0.069505 0.000000 0.238431
v 0.068909 0.000000 0.239379
v 0.068117 0.000000 0.240171
v 0.067169 0.000000 0.240767
v 0.066113 0.000000 0.241137
v 0.070000 0.000000 0.106262
v 0.075000 0.000000 0.101262
v 0.073887 0.000000 0.101387
v 0.072831 0.000000 0.101757
v 0.071883 0.000000 0.102353
v 0.071091 0.000000 0.103145
v 0.070495 0.000000 0.104093
v 0.070125 0.000000 0.105149
v 0.098001 0.052974 0.036430
v 0.106173 0.052974 0.021687
v 0.105925 0.053000 0.022134
v 0.098248 0.053000 0.035983
v 0.102298 0.053000 0.020123
v 0.094621 0.053000 0.033972
v 0.102748 0.052913 0.019309
v 0.103197 0.052641 0.018493
v 0.103619 0.052183 0.017724
v 0.103988 0.051562 0.017048
v 0.104284 0.050818 0.016501
v 0.104496 0.050000 0.016102
v 0.092376 0.050000 0.037968
v 0.092602 0.050818 0.037576
v 0.092909 0.051562 0.037035
v 0.093287 0.052183 0.036364
v 0.093716 0.052641 0.035599
v 0.094169 0.052913 0.034786
v 0.098248 0.053000 0.035983
v 0.105925 0.053000 0.022134
v 0.102298 0.053000 0.020123
v 0.094621 0.053000 0.033972
v -0.092376 0.050000 0.037968
v -0.104496 0.050000 0.016102
v -0.104284 0.050818 0.016501
v -0.103988 0.051562 0.017048
v -0.103619 0.052183 0.017724
v -0.103197 0.052641 0.018493
v -0.102748 0.052913 0.019309
v -0.102298 0.053000 0.020123
v -0.094621 0.053000 0.033972
v -0.094169 0.052913 0.034786
v -0.093716 0.052641 0.035599
v -0.093287 0.052183 0.036364
v -0.092909 0.051562 0.037035
v -0.092602 0.050818 0.037576
v -0.105925 0.053000 0.022134
v -0.098248 0.053000 0.035983
v -0.106173 0.052974 0.021687
v -0.098001 0.052974 0.036430
v -0.098248 0.053000 0.035983
v -0.094621 0.053000 0.033972
v -0.105925 0.053000 0.022134
v -0.102298 0.053000 0.020123
v -0.052178 0.053000 -0.034792
v -0.054478 0.052718 -0.034275
v -0.056650 0.051885 -0.033761
v -0.057955 0.051049 -0.033438
v -0.059126 0.050000 -0.033140
v -0.031462 0.053000 -0.038393
v -0.010513 0.053000 -0.040200
v 0.010513 0.053000 -0.040200
v 0.031462 0.053000 -0.038393
v 0.052178 0.053000 -0.034792
v 0.059126 0.050000 -0.033140
v 0.057330 0.051487 -0.033594
v 0.055233 0.052497 -0.034099
v 0.053734 0.052872 -0.034446
v -0.039636 0.050000 -0.037165
v -0.019884 0.050000 -0.039590
v -0.000000 0.050000 -0.040400
v 0.019884 0.050000 -0.039590
v 0.039636 0.050000 -0.037165
v 0.053375 0.053000 -0.039595
v 0.032185 0.053000 -0.043288
v 0.010755 0.053000 -0.045142
v -0.010755 0.053000 -0.045142
v -0.032185 0.053000 -0.043288
v -0.053375 0.053000 -0.039595
v 0.054081 0.052974 -0.039439
v 0.032615 0.052974 -0.043232
v 0.010899 0.052974 -0.045136
v -0.010899 0.052974 -0.045136
v -0.032615 0.052974 -0.043232
v -0.054081 0.052974 -0.039439
v -0.052178 0.053000 -0.034792
v -0.031462 0.053000 -0.038393
v -0.010513 0.053000 -0.040200
v 0.010513 0.053000 -0.040200
v 0.031462 0.053000 -0.038393
v 0.052178 0.053000 -0.034792
v 0.053375 0.053000 -0.039595
v 0.032185 0.053000 -0.043288
v 0.010755 0.053000 -0.045142
v -0.010755 0.053000 -0.045142
v -0.032185 0.053000 -0.043288
v -0.053375 0.053000 -0.039595
v -0.054081 0.052974 -0.039439
v -0.053375 0.053000 -0.039595
v -0.056314 0.052538 -0.038969
v -0.058047 0.051810 -0.038777
v -0.059146 0.051169 -0.038900
v -0.059671 0.050822 -0.039094
v -0.060193 0.050465 -0.039438
v -0.060568 0.050219 -0.039840
v -0.060846 0.050063 -0.040297
v -0.060964 0.050016 -0.040580
v -0.061055 0.050000 -0.040877
v -0.059126 0.050000 -0.033140
v -0.052178 0.053000 -0.034792
v -0.054478 0.052718 -0.034275
v -0.056650 0.051885 -0.033761
v -0.057955 0.051049 -0.033438
v -0.036278 0.050000 -0.080956
v -0.070973 0.050000 -0.068365
v -0.036657 0.049875 -0.082002
v -0.037018 0.049505 -0.082996
v -0.037341 0.048909 -0.083887
v -0.037611 0.048117 -0.084631
v -0.037815 0.047169 -0.085191
v -0.037941 0.046113 -0.085539
v -0.037983 0.045000 -0.085656
v -0.072189 0.045000 -0.073243
v -0.071270 0.049849 -0.069556
v -0.071539 0.049426 -0.070635
v -0.071762 0.048807 -0.071527
v -0.071947 0.047994 -0.072272
v -0.072083 0.047049 -0.072815
v -0.072162 0.046046 -0.073135
v -0.072183 0.045516 -0.073217
v -0.054081 0.052974 -0.039439
v -0.056314 0.052538 -0.038969
v -0.058047 0.051810 -0.038777
v -0.059146 0.051169 -0.038900
v -0.059671 0.050822 -0.039094
v -0.060193 0.050465 -0.039438
v -0.060568 0.050219 -0.039840
v -0.060846 0.050063 -0.040297
v -0.060964 0.050016 -0.040580
v -0.061055 0.050000 -0.040877
v -0.040929 0.050000 -0.045033
v -0.020533 0.050000 -0.047537
v -0.000000 0.050000 -0.048374
v 0.020533 0.050000 -0.047537
v 0.040929 0.050000 -0.045033
v 0.061055 0.050000 -0.040877
v 0.054081 0.052974 -0.039439
v 0.056314 0.052538 -0.038969
v 0.058047 0.051810 -0.038777
v 0.059146 0.051169 -0.038900
v 0.059671 0.050822 -0.039094
v 0.060193 0.050465 -0.039438
v 0.060568 0.050219 -0.039840
v 0.060846 0.050063 -0.040297
v 0.060964 0.050016 -0.040580
v 0.032615 0.052974 -0.043232
v 0.010899 0.052974 -0.045136
v -0.010899 0.052974 -0.045136
v -0.032615 0.052974 -0.043232
v 0.058135 0.051169 -0.039144
v 0.058315 0.050465 -0.039895
v 0.058426 0.050219 -0.040362
v 0.058545 0.050063 -0.040859
v 0.054135 0.051810 -0.039679
v 0.054217 0.051169 -0.040048
v 0.054384 0.050465 -0.040801
v 0.054488 0.050219 -0.041270
v 0.054599 0.050063 -0.041769
v 0.040669 0.050465 -0.043450
v 0.040747 0.050219 -0.043923
v 0.040830 0.050063 -0.044428
v 0.032647 0.051810 -0.043476
v 0.032697 0.051169 -0.043850
v 0.032798 0.050465 -0.044615
v 0.032860 0.050219 -0.045091
v 0.032927 0.050063 -0.045598
v 0.020402 0.050465 -0.045938
v 0.020441 0.050219 -0.046416
v 0.020483 0.050063 -0.046926
v 0.010910 0.051810 -0.045382
v 0.010927 0.051169 -0.045759
v 0.010960 0.050465 -0.046530
v 0.010981 0.050219 -0.047009
v 0.011004 0.050063 -0.047520
v -0.000000 0.050465 -0.046769
v -0.000000 0.050219 -0.047249
v -0.000000 0.050063 -0.047760
v -0.010910 0.051810 -0.045382
v -0.010927 0.051169 -0.045759
v -0.010960 0.050465 -0.046530
v -0.010981 0.050219 -0.047009
v -0.011004 0.050063 -0.047520
v -0.020402 0.050465 -0.045938
v -0.020441 0.050219 -0.046416
v -0.020483 0.050063 -0.046926
v -0.032647 0.051810 -0.043476
v -0.032697 0.051169 -0.043850
v -0.032798 0.050465 -0.044615
v -0.032860 0.050219 -0.045091
v -0.032927 0.050063 -0.045598
v -0.040669 0.050465 -0.043450
v -0.040747 0.050219 -0.043923
v -0.040830 0.050063 -0.044428
v -0.054135 0.051810 -0.039679
v -0.054217 0.051169 -0.040048
v -0.054384 0.050465 -0.040801
v -0.056362 0.051810 -0.039174
v -0.054488 0.050219 -0.041270
v -0.054599 0.050063 -0.041769
v -0.056447 0.051169 -0.039542
v -0.056621 0.050465 -0.040294
v -0.056729 0.050219 -0.040761
v -0.056845 0.050063 -0.041259
v -0.059329 0.050465 -0.039650
v -0.059442 0.050219 -0.040116
v -0.059563 0.050063 -0.040613
v 0.098001 0.052974 0.036430
v 0.097471 0.052728 0.037412
v 0.097082 0.052296 0.038261
v 0.096886 0.051762 0.038993
v 0.096896 0.051268 0.039559
v 0.097071 0.050816 0.040055
v 0.097369 0.050457 0.040474
v 0.097733 0.050210 0.040825
v 0.098168 0.050054 0.041151
v 0.098404 0.050013 0.041302
v 0.098651 0.050000 0.041446
v 0.106173 0.052974 0.021687
v 0.110771 0.050000 0.019580
v 0.110261 0.050054 0.019325
v 0.109747 0.050215 0.019127
v 0.109249 0.050469 0.019005
v 0.108779 0.050796 0.018976
v 0.108348 0.051167 0.019053
v 0.107961 0.051548 0.019234
v 0.107613 0.051913 0.019510
v 0.107299 0.052237 0.019860
v 0.106910 0.052591 0.020414
v 0.106542 0.052838 0.021030
v -0.098651 0.050000 0.041446
v -0.098164 0.050054 0.041149
v -0.097724 0.050215 0.040818
v -0.097356 0.050469 0.040460
v -0.097083 0.050796 0.040076
v -0.096919 0.051167 0.039670
v -0.096868 0.051548 0.039246
v -0.096918 0.051913 0.038804
v -0.097048 0.052237 0.038353
v -0.097312 0.052591 0.037730
v -0.097639 0.052838 0.037091
v -0.098001 0.052974 0.036430
v -0.110771 0.050000 0.019580
v -0.106173 0.052974 0.021687
v -0.106725 0.052728 0.020717
v -0.107239 0.052296 0.019937
v -0.107755 0.051762 0.019383
v -0.108241 0.051268 0.019091
v -0.108754 0.050816 0.018977
v -0.109268 0.050457 0.019008
v -0.109759 0.050210 0.019131
v -0.110265 0.050054 0.019327
v -0.110519 0.050013 0.019447
v 0.086304 0.048000 0.048922
v 0.074288 0.048000 0.042262
v 0.088498 0.048000 0.044965
v -0.088498 0.048000 0.044965
v -0.071918 0.048000 0.036812
v -0.054597 0.048000 0.030382
v -0.036714 0.048000 0.025741
v -0.018452 0.048000 0.022938
v 0.000000 0.048000 0.022000
v 0.018452 0.048000 0.022938
v 0.036714 0.048000 0.025741
v 0.054597 0.048000 0.030382
v 0.071918 0.048000 0.036812
v -0.086304 0.048000 0.048922
v -0.074288 0.048000 0.042262
v -0.060871 0.048000 0.045852
v -0.062198 0.048000 0.044111
v -0.063872 0.048000 0.042701
v -0.065813 0.048000 0.041689
v -0.067927 0.048000 0.041123
v -0.070114 0.048000 0.041030
v -0.072269 0.048000 0.041416
v -0.060451 0.048000 0.046397
v -0.059918 0.048000 0.046832
v -0.059300 0.048000 0.047134
v -0.058629 0.048000 0.047287
v -0.057941 0.048000 0.047284
v -0.057272 0.048000 0.047123
v -0.038619 0.048000 0.041523
v -0.019442 0.048000 0.038132
v 0.000000 0.048000 0.036996
v 0.019442 0.048000 0.038132
v 0.038619 0.048000 0.041523
v 0.057272 0.048000 0.047123
v 0.057941 0.048000 0.047284
v 0.058629 0.048000 0.047287
v 0.059300 0.048000 0.047134
v 0.059918 0.048000 0.046832
v 0.060451 0.048000 0.046397
v 0.060871 0.048000 0.045852
v 0.072269 0.048000 0.041416
v 0.070114 0.048000 0.041030
v 0.067927 0.048000 0.041123
v 0.065813 0.048000 0.041689
v 0.063872 0.048000 0.042701
v 0.062198 0.048000 0.044111
v -0.072189 0.016000 -0.073243
v -0.072189 0.045000 -0.073243
v -0.070973 0.050000 -0.068365
v -0.071270 0.049849 -0.069556
v -0.071539 0.049426 -0.070635
v -0.071762 0.048807 -0.071527
v -0.071947 0.047994 -0.072272
v -0.072083 0.047049 -0.072815
v -0.072162 0.046046 -0.073135
v -0.072183 0.045516 -0.073217
v -0.062616 0.050000 -0.034846
v -0.062616 0.048000 -0.034846
v -0.061660 0.048000 -0.031013
v -0.061660 0.016000 -0.031013
v 0.121399 0.016000 -0.008117
v 0.121399 0.045000 -0.008117
v 0.130788 0.045000 -0.002461
v 0.139913 0.045000 0.003611
v 0.148758 0.045000 0.010087
v 0.148758 0.016000 0.010087
v 0.139913 0.016000 0.003611
v 0.130788 0.016000 -0.002461
v 0.062616 0.048000 -0.034846
v 0.061660 0.048000 -0.031013
v 0.061660 0.016000 -0.031013
v 0.072189 0.016000 -0.073243
v 0.072189 0.045000 -0.073243
v 0.070973 0.050000 -0.068365
v 0.071270 0.049849 -0.069556
v 0.071539 0.049426 -0.070635
v 0.071762 0.048807 -0.071527
v 0.071947 0.047994 -0.072272
v 0.072083 0.047049 -0.072815
v 0.072162 0.046046 -0.073135
v 0.072183 0.045516 -0.073217
v 0.062616 0.050000 -0.034846
v -0.062616 0.050000 -0.034846
v -0.062420 0.050000 -0.034321
v -0.062112 0.050000 -0.033852
v -0.061708 0.050000 -0.033464
v -0.061227 0.050000 -0.033176
v -0.060694 0.050000 -0.033002
v -0.060136 0.050000 -0.032952
v -0.059581 0.050000 -0.033026
v -0.062616 0.048000 -0.034846
v -0.059581 0.048000 -0.033026
v -0.060136 0.048000 -0.032952
v -0.060694 0.048000 -0.033002
v -0.061227 0.048000 -0.033176
v -0.061708 0.048000 -0.033464
v -0.062112 0.048000 -0.033852
v -0.062420 0.048000 -0.034321
v -0.065000 0.016000 0.241262
v 0.065000 0.016000 0.241262
v 0.066113 0.016000 0.241137
v 0.067169 0.016000 0.240767
v 0.068117 0.016000 0.240171
v 0.068909 0.016000 0.239379
v 0.069505 0.016000 0.238431
v 0.069875 0.016000 0.237375
v 0.070000 0.016000 0.236262
v 0.070000 0.016000 0.106262
v 0.070125 0.016000 0.105149
v 0.070495 0.016000 0.104093
v 0.071091 0.016000 0.103145
v 0.071883 0.016000 0.102353
v 0.072831 0.016000 0.101757
v 0.073887 0.016000 0.101387
v 0.075000 0.016000 0.101262
v 0.101324 0.016000 0.101262
v 0.103948 0.016000 0.099716
v 0.103581 0.016000 0.100238
v 0.103113 0.016000 0.100670
v 0.102563 0.016000 0.100994
v 0.101958 0.016000 0.101194
v 0.116905 0.016000 0.076340
v 0.116264 0.016000 0.077244
v 0.115438 0.016000 0.077985
v 0.114470 0.016000 0.078525
v 0.113407 0.016000 0.078839
v 0.112300 0.016000 0.078911
v 0.111205 0.016000 0.078737
v 0.110175 0.016000 0.078326
v 0.109261 0.016000 0.077698
v 0.085177 0.016000 0.060350
v 0.093543 0.016000 0.065653
v 0.101581 0.016000 0.071442
v 0.084299 0.016000 0.059689
v 0.083586 0.016000 0.058853
v 0.083074 0.016000 0.057880
v 0.082787 0.016000 0.056820
v 0.082738 0.016000 0.055722
v 0.082930 0.016000 0.054640
v 0.083354 0.016000 0.053626
v 0.086042 0.016000 0.048777
v 0.074288 0.016000 0.042262
v 0.060871 0.016000 0.045852
v 0.062198 0.016000 0.044111
v 0.063872 0.016000 0.042701
v 0.065813 0.016000 0.041689
v 0.067927 0.016000 0.041123
v 0.070114 0.016000 0.041030
v 0.072269 0.016000 0.041416
v 0.060451 0.016000 0.046397
v 0.059918 0.016000 0.046832
v 0.059300 0.016000 0.047134
v 0.058629 0.016000 0.047287
v 0.057941 0.016000 0.047284
v 0.057272 0.016000 0.047123
v -0.057272 0.016000 0.047123
v -0.038619 0.016000 0.041523
v -0.019442 0.016000 0.038132
v 0.000000 0.016000 0.036996
v 0.019442 0.016000 0.038132
v 0.038619 0.016000 0.041523
v -0.057941 0.016000 0.047284
v -0.058629 0.016000 0.047287
v -0.059300 0.016000 0.047134
v -0.059918 0.016000 0.046832
v -0.060451 0.016000 0.046397
v -0.060871 0.016000 0.045852
v -0.074288 0.016000 0.042262
v -0.072269 0.016000 0.041416
v -0.070114 0.016000 0.041030
v -0.067927 0.016000 0.041123
v -0.065813 0.016000 0.041689
v -0.063872 0.016000 0.042701
v -0.062198 0.016000 0.044111
v -0.086042 0.016000 0.048777
v -0.083354 0.016000 0.053626
v -0.082930 0.016000 0.054640
v -0.082738 0.016000 0.055722
v -0.082787 0.016000 0.056820
v -0.083074 0.016000 0.057880
v -0.083586 0.016000 0.058853
v -0.084299 0.016000 0.059689
v -0.085177 0.016000 0.060350
v -0.109261 0.016000 0.077698
v -0.101581 0.016000 0.071442
v -0.093543 0.016000 0.065653
v -0.110175 0.016000 0.078326
v -0.111205 0.016000 0.078737
v -0.112300 0.016000 0.078911
v -0.113407 0.016000 0.078839
v -0.114470 0.016000 0.078525
v -0.115438 0.016000 0.077985
v -0.116264 0.016000 0.077244
v -0.116905 0.016000 0.076340
v -0.103948 0.016000 0.099716
v -0.101324 0.016000 0.101262
v -0.101958 0.016000 0.101194
v -0.102563 0.016000 0.100994
v -0.103113 0.016000 0.100670
v -0.103581 0.016000 0.100238
v -0.075000 0.016000 0.101262
v -0.073887 0.016000 0.101387
v -0.072831 0.016000 0.101757
v -0.071883 0.016000 0.102353
v -0.071091 0.016000 0.103145
v -0.070495 0.016000 0.104093
v -0.070125 0.016000 0.105149
v -0.070000 0.016000 0.106262
v -0.070000 0.016000 0.236262
v -0.069875 0.016000 0.237375
v -0.069505 0.016000 0.238431
v -0.068909 0.016000 0.239379
v -0.068117 0.016000 0.240171
v -0.067169 0.016000 0.240767
v -0.066113 0.016000 0.241137
v -0.054000 0.016000 0.117262
v 0.054000 0.016000 0.117262
v 0.054000 0.016000 0.225262
v -0.054000 0.016000 0.225262
v -0.086042 0.016000 0.048777
v -0.086042 0.045000 0.048777
v -0.090415 0.050000 0.051201
v -0.089442 0.049875 0.050661
v -0.088517 0.049505 0.050149
v -0.087688 0.048909 0.049689
v -0.086996 0.048117 0.049306
v -0.086475 0.047169 0.049017
v -0.086151 0.046113 0.048838
v -0.086304 0.050000 0.048922
v -0.086304 0.048000 0.048922
v -0.074288 0.048000 0.042262
v -0.074288 0.016000 0.042262
v -0.074288 0.016000 0.042262
v -0.074288 0.048000 0.042262
v -0.060871 0.048000 0.045852
v -0.062198 0.048000 0.044111
v -0.063872 0.048000 0.042701
v -0.065813 0.048000 0.041689
v -0.067927 0.048000 0.041123
v -0.070114 0.048000 0.041030
v -0.072269 0.048000 0.041416
v -0.060871 0.016000 0.045852
v -0.072269 0.016000 0.041416
v -0.070114 0.016000 0.041030
v -0.067927 0.016000 0.041123
v -0.065813 0.016000 0.041689
v -0.063872 0.016000 0.042701
v -0.062198 0.016000 0.044111
v 0.074288 0.016000 0.042262
v 0.074288 0.048000 0.042262
v 0.086304 0.048000 0.048922
v 0.086304 0.050000 0.048922
v 0.090415 0.050000 0.051201
v 0.086042 0.045000 0.048777
v 0.086151 0.046113 0.048838
v 0.086475 0.047169 0.049017
v 0.086996 0.048117 0.049306
v 0.087688 0.048909 0.049689
v 0.088517 0.049505 0.050149
v 0.089442 0.049875 0.050661
v 0.086042 0.016000 0.048777
v 0.074288 0.016000 0.042262
v 0.074288 0.048000 0.042262
v 0.060871 0.016000 0.045852
v 0.062198 0.016000 0.044111
v 0.063872 0.016000 0.042701
v 0.065813 0.016000 0.041689
v 0.067927 0.016000 0.041123
v 0.070114 0.016000 0.041030
v 0.072269 0.016000 0.041416
v 0.060871 0.048000 0.045852
v 0.072269 0.048000 0.041416
v 0.070114 0.048000 0.041030
v 0.067927 0.048000 0.041123
v 0.065813 0.048000 0.041689
v 0.063872 0.048000 0.042701
v 0.062198 0.048000 0.044111
v 0.077367 0.048000 -0.018905
v 0.077367 0.016000 -0.018905
v 0.068429 0.048000 -0.021810
v 0.068235 0.048000 -0.020708
v 0.068307 0.048000 -0.019592
v 0.068640 0.048000 -0.018525
v 0.069216 0.048000 -0.017566
v 0.070002 0.048000 -0.016771
v 0.070954 0.048000 -0.016184
v 0.072018 0.048000 -0.015838
v 0.073133 0.048000 -0.015754
v 0.074236 0.048000 -0.015935
v 0.075266 0.048000 -0.016372
v 0.076163 0.048000 -0.017040
v 0.076877 0.048000 -0.017900
v 0.068429 0.016000 -0.021810
v 0.076877 0.016000 -0.017900
v 0.076163 0.016000 -0.017040
v 0.075266 0.016000 -0.016372
v 0.074236 0.016000 -0.015935
v 0.073133 0.016000 -0.015754
v 0.072018 0.016000 -0.015838
v 0.070954 0.016000 -0.016184
v 0.070002 0.016000 -0.016771
v 0.069216 0.016000 -0.017566
v 0.068640 0.016000 -0.018525
v 0.068307 0.016000 -0.019592
v 0.068235 0.016000 -0.020708
v -0.077367 0.016000 -0.018905
v -0.077367 0.048000 -0.018905
v -0.068429 0.016000 -0.021810
v -0.068235 0.016000 -0.020708
v -0.068307 0.016000 -0.019592
v -0.068640 0.016000 -0.018525
v -0.069216 0.016000 -0.017566
v -0.070002 0.016000 -0.016771
v -0.070954 0.016000 -0.016184
v -0.072018 0.016000 -0.015838
v -0.073133 0.016000 -0.015754
v -0.074236 0.016000 -0.015935
v -0.075266 0.016000 -0.016372
v -0.076163 0.016000 -0.017040
v -0.076877 0.016000 -0.017900
v -0.068429 0.048000 -0.021810
v -0.076877 0.048000 -0.017900
v -0.076163 0.048000 -0.017040
v -0.075266 0.048000 -0.016372
v -0.074236 0.048000 -0.015935
v -0.073133 0.048000 -0.015754
v -0.072018 0.048000 -0.015838
v -0.070954 0.048000 -0.016184
v -0.070002 0.048000 -0.016771
v -0.069216 0.048000 -0.017566
v -0.068640 0.048000 -0.018525
v -0.068307 0.048000 -0.019592
v -0.068235 0.048000 -0.020708
v 0.115606 0.016000 -0.004559
v 0.115606 0.048000 -0.004559
v 0.110758 0.048000 0.004187
v 0.110758 0.016000 0.004187
v 0.110758 0.016000 0.004187
v 0.110758 0.048000 0.004187
v 0.106822 0.048000 0.002006
v 0.106822 0.016000 0.002006
v 0.106822 0.016000 0.002006
v 0.106822 0.048000 0.002006
v 0.111670 0.048000 -0.006741
v 0.110553 0.048000 -0.007194
v 0.109360 0.048000 -0.007366
v 0.108161 0.048000 -0.007248
v 0.107024 0.048000 -0.006847
v 0.106017 0.048000 -0.006185
v 0.105197 0.048000 -0.005301
v 0.104613 0.048000 -0.004247
v 0.104298 0.048000 -0.003083
v 0.104270 0.048000 -0.001878
v 0.104532 0.048000 -0.000702
v 0.105068 0.048000 0.000378
v 0.105846 0.048000 0.001298
v 0.111670 0.016000 -0.006741
v 0.105846 0.016000 0.001298
v 0.105068 0.016000 0.000378
v 0.104532 0.016000 -0.000702
v 0.104270 0.016000 -0.001878
v 0.104298 0.016000 -0.003083
v 0.104613 0.016000 -0.004247
v 0.105197 0.016000 -0.005301
v 0.106017 0.016000 -0.006185
v 0.107024 0.016000 -0.006847
v 0.108161 0.016000 -0.007248
v 0.109360 0.016000 -0.007366
v 0.110553 0.016000 -0.007194
v 0.111670 0.016000 -0.006741
v 0.111670 0.048000 -0.006741
v 0.115606 0.048000 -0.004559
v 0.115606 0.016000 -0.004559
v 0.115606 0.016000 -0.004559
v 0.110758 0.016000 0.004187
v 0.111670 0.016000 -0.006741
v 0.106822 0.016000 0.002006
v 0.105846 0.016000 0.001298
v 0.105068 0.016000 0.000378
v 0.104532 0.016000 -0.000702
v 0.104270 0.016000 -0.001878
v 0.104298 0.016000 -0.003083
v 0.104613 0.016000 -0.004247
v 0.105197 0.016000 -0.005301
v 0.106017 0.016000 -0.006185
v 0.107024 0.016000 -0.006847
v 0.108161 0.016000 -0.007248
v 0.109360 0.016000 -0.007366
v 0.110553 0.016000 -0.007194
v 0.045610 0.016000 -0.027598
v 0.045610 0.048000 -0.027598
v 0.036352 0.048000 -0.029231
v 0.036292 0.048000 -0.028099
v 0.036503 0.048000 -0.026986
v 0.036975 0.048000 -0.025956
v 0.037680 0.048000 -0.025069
v 0.038577 0.048000 -0.024376
v 0.039613 0.048000 -0.023918
v 0.040729 0.048000 -0.023721
v 0.041859 0.048000 -0.023797
v 0.042939 0.048000 -0.024142
v 0.043904 0.048000 -0.024734
v 0.044700 0.048000 -0.025541
v 0.045280 0.048000 -0.026515
v 0.036352 0.016000 -0.029231
v 0.045280 0.016000 -0.026515
v 0.044700 0.016000 -0.025541
v 0.043904 0.016000 -0.024734
v 0.042939 0.016000 -0.024142
v 0.041859 0.016000 -0.023797
v 0.040729 0.016000 -0.023721
v 0.039613 0.016000 -0.023918
v 0.038577 0.016000 -0.024376
v 0.037680 0.016000 -0.025069
v 0.036975 0.016000 -0.025956
v 0.036503 0.016000 -0.026986
v 0.036292 0.016000 -0.028099
v 0.036352 0.016000 -0.029231
v 0.036352 0.048000 -0.029231
v 0.037803 0.048000 -0.037459
v 0.037803 0.016000 -0.037459
v 0.047060 0.016000 -0.035826
v 0.047060 0.048000 -0.035826
v 0.045610 0.048000 -0.027598
v 0.045610 0.016000 -0.027598
v 0.045610 0.016000 -0.027598
v 0.045280 0.016000 -0.026515
v 0.044700 0.016000 -0.025541
v 0.043904 0.016000 -0.024734
v 0.042939 0.016000 -0.024142
v 0.041859 0.016000 -0.023797
v 0.040729 0.016000 -0.023721
v 0.039613 0.016000 -0.023918
v 0.038577 0.016000 -0.024376
v 0.037680 0.016000 -0.025069
v 0.036975 0.016000 -0.025956
v 0.036503 0.016000 -0.026986
v 0.036292 0.016000 -0.028099
v 0.036352 0.016000 -0.029231
v 0.047060 0.016000 -0.035826
v 0.037803 0.016000 -0.037459
v 0.040896 0.016000 -0.036954
v 0.043982 0.016000 -0.036410
v -0.115606 0.016000 -0.004559
v -0.115606 0.048000 -0.004559
v -0.111670 0.048000 -0.006741
v -0.111670 0.016000 -0.006741
v -0.111670 0.016000 -0.006741
v -0.111670 0.048000 -0.006741
v -0.106822 0.048000 0.002006
v -0.105846 0.048000 0.001298
v -0.105068 0.048000 0.000378
v -0.104532 0.048000 -0.000702
v -0.104270 0.048000 -0.001878
v -0.104298 0.048000 -0.003083
v -0.104613 0.048000 -0.004247
v -0.105197 0.048000 -0.005301
v -0.106017 0.048000 -0.006185
v -0.107024 0.048000 -0.006847
v -0.108161 0.048000 -0.007248
v -0.109360 0.048000 -0.007366
v -0.110553 0.048000 -0.007194
v -0.106822 0.016000 0.002006
v -0.110553 0.016000 -0.007194
v -0.109360 0.016000 -0.007366
v -0.108161 0.016000 -0.007248
v -0.107024 0.016000 -0.006847
v -0.106017 0.016000 -0.006185
v -0.105197 0.016000 -0.005301
v -0.104613 0.016000 -0.004247
v -0.104298 0.016000 -0.003083
v -0.104270 0.016000 -0.001878
v -0.104532 0.016000 -0.000702
v -0.105068 0.016000 0.000378
v -0.105846 0.016000 0.001298
v -0.106822 0.016000 0.002006
v -0.106822 0.048000 0.002006
v -0.110758 0.048000 0.004187
v -0.110758 0.016000 0.004187
v -0.110758 0.016000 0.004187
v -0.110758 0.048000 0.004187
v -0.115606 0.048000 -0.004559
v -0.115606 0.016000 -0.004559
v -0.115606 0.016000 -0.004559
v -0.111670 0.016000 -0.006741
v -0.110758 0.016000 0.004187
v -0.106822 0.016000 0.002006
v -0.110553 0.016000 -0.007194
v -0.109360 0.016000 -0.007366
v -0.108161 0.016000 -0.007248
v -0.107024 0.016000 -0.006847
v -0.106017 0.016000 -0.006185
v -0.105197 0.016000 -0.005301
v -0.104613 0.016000 -0.004247
v -0.104298 0.016000 -0.003083
v -0.104270 0.016000 -0.001878
v -0.104532 0.016000 -0.000702
v -0.105068 0.016000 0.000378
v -0.105846 0.016000 0.001298
v -0.036352 0.016000 -0.029231
v -0.036352 0.048000 -0.029231
v -0.045610 0.048000 -0.027598
v -0.045280 0.048000 -0.026515
v -0.044700 0.048000 -0.025541
v -0.043904 0.048000 -0.024734
v -0.042939 0.048000 -0.024142
v -0.041859 0.048000 -0.023797
v -0.040729 0.048000 -0.023721
v -0.039613 0.048000 -0.023918
v -0.038577 0.048000 -0.024376
v -0.037680 0.048000 -0.025069
v -0.036975 0.048000 -0.025956
v -0.036503 0.048000 -0.026986
v -0.036292 0.048000 -0.028099
v -0.045610 0.016000 -0.027598
v -0.036292 0.016000 -0.028099
v -0.036503 0.016000 -0.026986
v -0.036975 0.016000 -0.025956
v -0.037680 0.016000 -0.025069
v -0.038577 0.016000 -0.024376
v -0.039613 0.016000 -0.023918
v -0.040729 0.016000 -0.023721
v -0.041859 0.016000 -0.023797
v -0.042939 0.016000 -0.024142
v -0.043904 0.016000 -0.024734
v -0.044700 0.016000 -0.025541
v -0.045280 0.016000 -0.026515
v -0.045610 0.016000 -0.027598
v -0.045610 0.048000 -0.027598
v -0.047060 0.048000 -0.035826
v -0.047060 0.016000 -0.035826
v -0.037803 0.016000 -0.037459
v -0.037803 0.048000 -0.037459
v -0.036352 0.048000 -0.029231
v -0.036352 0.016000 -0.029231
v -0.036352 0.016000 -0.029231
v -0.036292 0.016000 -0.028099
v -0.036503 0.016000 -0.026986
v -0.036975 0.016000 -0.025956
v -0.037680 0.016000 -0.025069
v -0.038577 0.016000 -0.024376
v -0.039613 0.016000 -0.023918
v -0.040729 0.016000 -0.023721
v -0.041859 0.016000 -0.023797
v -0.042939 0.016000 -0.024142
v -0.043904 0.016000 -0.024734
v -0.044700 0.016000 -0.025541
v -0.045280 0.016000 -0.026515
v -0.045610 0.016000 -0.027598
v -0.037803 0.016000 -0.037459
v -0.047060 0.016000 -0.035826
v -0.043982 0.016000 -0.036410
v -0.040896 0.016000 -0.036954
v 0.004700 0.016000 -0.032000
v 0.004700 0.048000 -0.032000
v -0.004700 0.048000 -0.032000
v -0.004563 0.048000 -0.030875
v -0.004162 0.048000 -0.029816
v -0.003518 0.048000 -0.028883
v -0.002670 0.048000 -0.028132
v -0.001667 0.048000 -0.027605
v -0.000567 0.048000 -0.027334
v 0.000567 0.048000 -0.027334
v 0.001667 0.048000 -0.027605
v 0.002670 0.048000 -0.028132
v 0.003518 0.048000 -0.028883
v 0.004162 0.048000 -0.029816
v 0.004563 0.048000 -0.030875
v -0.004700 0.016000 -0.032000
v 0.004563 0.016000 -0.030875
v 0.004162 0.016000 -0.029816
v 0.003518 0.016000 -0.028883
v 0.002670 0.016000 -0.028132
v 0.001667 0.016000 -0.027605
v 0.000567 0.016000 -0.027334
v -0.000567 0.016000 -0.027334
v -0.001667 0.016000 -0.027605
v -0.002670 0.016000 -0.028132
v -0.003518 0.016000 -0.028883
v -0.004162 0.016000 -0.029816
v -0.004563 0.016000 -0.030875
v -0.004700 0.016000 -0.032000
v -0.004700 0.048000 -0.032000
v -0.004700 0.048000 -0.040355
v -0.004700 0.016000 -0.040355
v 0.004700 0.016000 -0.040355
v 0.004700 0.048000 -0.040355
v 0.004700 0.048000 -0.032000
v 0.004700 0.016000 -0.032000
v 0.004700 0.016000 -0.032000
v 0.004563 0.016000 -0.030875
v 0.004162 0.016000 -0.029816
v 0.003518 0.016000 -0.028883
v 0.002670 0.016000 -0.028132
v 0.001667 0.016000 -0.027605
v 0.000567 0.016000 -0.027334
v -0.000567 0.016000 -0.027334
v -0.001667 0.016000 -0.027605
v -0.002670 0.016000 -0.028132
v -0.003518 0.016000 -0.028883
v -0.004162 0.016000 -0.029816
v -0.004563 0.016000 -0.030875
v -0.004700 0.016000 -0.032000
v 0.004700 0.016000 -0.040355
v -0.004700 0.016000 -0.040355
v -0.001567 0.016000 -0.040395
v 0.001567 0.016000 -0.040395
v -0.057272 0.048000 0.047123
v -0.057272 0.016000 0.047123
v -0.038619 0.048000 0.041523
v -0.019442 0.048000 0.038132
v 0.000000 0.048000 0.036996
v 0.019442 0.048000 0.038132
v 0.038619 0.048000 0.041523
v 0.057272 0.048000 0.047123
v 0.057272 0.016000 0.047123
v -0.038619 0.016000 0.041523
v -0.019442 0.016000 0.038132
v 0.000000 0.016000 0.036996
v 0.019442 0.016000 0.038132
v 0.038619 0.016000 0.041523
v 0.085177 0.016000 0.060350
v 0.093543 0.016000 0.065653
v 0.101581 0.016000 0.071442
v 0.109261 0.016000 0.077698
v 0.085177 0.045000 0.060350
v 0.109261 0.045000 0.077698
v 0.101581 0.045000 0.071442
v 0.093543 0.045000 0.065653
v -0.085177 0.016000 0.060350
v -0.085177 0.045000 0.060350
v -0.109261 0.016000 0.077698
v -0.101581 0.016000 0.071442
v -0.093543 0.016000 0.065653
v -0.109261 0.045000 0.077698
v -0.093543 0.045000 0.065653
v -0.101581 0.045000 0.071442
v 0.059581 0.050000 -0.033026
v 0.060136 0.050000 -0.032952
v 0.060694 0.050000 -0.033002
v 0.061227 0.050000 -0.033176
v 0.061708 0.050000 -0.033464
v 0.062112 0.050000 -0.033852
v 0.062420 0.050000 -0.034321
v 0.062616 0.050000 -0.034846
v 0.059581 0.048000 -0.033026
v 0.062616 0.048000 -0.034846
v 0.062420 0.048000 -0.034321
v 0.062112 0.048000 -0.033852
v 0.061708 0.048000 -0.033464
v 0.061227 0.048000 -0.033176
v 0.060694 0.048000 -0.033002
v 0.060136 0.048000 -0.032952
v 0.110489 0.043000 0.005704
v 0.110489 0.048000 0.005704
v 0.109219 0.043000 0.005002
v 0.107944 0.043000 0.004307
v 0.106665 0.043000 0.003621
v 0.105381 0.043000 0.002943
v 0.104094 0.043000 0.002274
v 0.102802 0.043000 0.001612
v 0.101505 0.043000 0.000959
v 0.100205 0.043000 0.000314
v 0.098901 0.043000 -0.000323
v 0.097592 0.043000 -0.000951
v 0.096279 0.043000 -0.001571
v 0.094963 0.043000 -0.002182
v 0.093643 0.043000 -0.002785
v 0.092319 0.043000 -0.003380
v 0.090991 0.043000 -0.003966
v 0.089659 0.043000 -0.004543
v 0.088324 0.043000 -0.005112
v 0.086985 0.043000 -0.005673
v 0.085642 0.043000 -0.006225
v 0.084296 0.043000 -0.006768
v 0.082947 0.043000 -0.007303
v 0.081594 0.043000 -0.007829
v 0.080238 0.043000 -0.008346
v 0.078878 0.043000 -0.008855
v 0.077516 0.043000 -0.009355
v 0.076150 0.043000 -0.009846
v 0.074781 0.043000 -0.010329
v 0.073409 0.043000 -0.010803
v 0.072034 0.043000 -0.011268
v 0.070656 0.043000 -0.011724
v 0.069275 0.043000 -0.012171
v 0.067892 0.043000 -0.012610
v 0.066505 0.043000 -0.013039
v 0.065116 0.043000 -0.013460
v 0.063724 0.043000 -0.013872
v 0.062330 0.043000 -0.014275
v 0.060933 0.043000 -0.014669
v 0.059533 0.043000 -0.015054
v 0.058131 0.043000 -0.015431
v 0.056727 0.043000 -0.015798
v 0.055320 0.043000 -0.016156
v 0.053911 0.043000 -0.016505
v 0.052500 0.043000 -0.016845
v 0.051087 0.043000 -0.017177
v 0.049672 0.043000 -0.017499
v 0.048255 0.043000 -0.017812
v 0.046835 0.043000 -0.018116
v 0.045414 0.043000 -0.018411
v 0.043991 0.043000 -0.018697
v 0.042566 0.043000 -0.018973
v 0.041139 0.043000 -0.019241
v 0.039711 0.043000 -0.019500
v 0.038281 0.043000 -0.019749
v 0.036850 0.043000 -0.019989
v 0.035417 0.043000 -0.020220
v 0.033982 0.043000 -0.020442
v 0.032546 0.043000 -0.020655
v 0.031109 0.043000 -0.020858
v 0.029671 0.043000 -0.021053
v 0.028231 0.043000 -0.021238
v 0.026790 0.043000 -0.021414
v 0.025348 0.043000 -0.021580
v 0.023906 0.043000 -0.021738
v 0.022462 0.043000 -0.021886
v 0.021017 0.043000 -0.022025
v 0.019571 0.043000 -0.022155
v 0.018125 0.043000 -0.022275
v 0.016677 0.043000 -0.022387
v 0.015229 0.043000 -0.022489
v 0.013781 0.043000 -0.022581
v 0.012332 0.043000 -0.022665
v 0.010882 0.043000 -0.022739
v 0.009432 0.043000 -0.022804
v 0.007982 0.043000 -0.022860
v 0.006531 0.043000 -0.022906
v 0.005080 0.043000 -0.022943
v 0.003629 0.043000 -0.022971
v 0.002177 0.043000 -0.022990
v 0.000726 0.043000 -0.022999
v -0.000726 0.043000 -0.022999
v -0.002177 0.043000 -0.022990
v -0.003629 0.043000 -0.022971
v -0.005080 0.043000 -0.022943
v -0.006531 0.043000 -0.022906
v -0.007982 0.043000 -0.022860
v -0.009432 0.043000 -0.022804
v -0.010882 0.043000 -0.022739
v -0.012332 0.043000 -0.022665
v -0.013781 0.043000 -0.022581
v -0.015229 0.043000 -0.022489
v -0.016677 0.043000 -0.022387
v -0.018125 0.043000 -0.022275
v -0.019571 0.043000 -0.022155
v -0.021017 0.043000 -0.022025
v -0.022462 0.043000 -0.021886
v -0.023906 0.043000 -0.021738
v -0.025348 0.043000 -0.021580
v -0.026790 0.043000 -0.021414
v -0.028231 0.043000 -0.021238
v -0.029671 0.043000 -0.021053
v -0.031109 0.043000 -0.020858
v -0.032546 0.043000 -0.020655
v -0.033982 0.043000 -0.020442
v -0.035417 0.043000 -0.020220
v -0.036850 0.043000 -0.019989
v -0.038281 0.043000 -0.019749
v -0.039711 0.043000 -0.019500
v -0.041139 0.043000 -0.019241
v -0.042566 0.043000 -0.018973
v -0.043991 0.043000 -0.018697
v -0.045414 0.043000 -0.018411
v -0.046835 0.043000 -0.018116
v -0.048255 0.043000 -0.017812
v -0.049672 0.043000 -0.017499
v -0.051087 0.043000 -0.017177
v -0.052500 0.043000 -0.016845
v -0.053911 0.043000 -0.016505
v -0.055320 0.043000 -0.016156
v -0.056727 0.043000 -0.015798
v -0.058131 0.043000 -0.015431
v -0.059533 0.043000 -0.015054
v -0.060933 0.043000 -0.014669
v -0.062330 0.043000 -0.014275
v -0.063724 0.043000 -0.013872
v -0.065116 0.043000 -0.013460
v -0.066505 0.043000 -0.013039
v -0.067892 0.043000 -0.012610
v -0.069275 0.043000 -0.012171
v -0.070656 0.043000 -0.011724
v -0.072034 0.043000 -0.011268
v -0.073409 0.043000 -0.010803
v -0.074781 0.043000 -0.010329
v -0.076150 0.043000 -0.009846
v -0.077516 0.043000 -0.009355
v -0.078878 0.043000 -0.008855
v -0.080238 0.043000 -0.008346
v -0.081594 0.043000 -0.007829
v -0.082947 0.043000 -0.007303
v -0.084296 0.043000 -0.006768
v -0.085642 0.043000 -0.006225
v -0.086985 0.043000 -0.005673
v -0.088324 0.043000 -0.005112
v -0.089659 0.043000 -0.004543
v -0.090991 0.043000 -0.003966
v -0.092319 0.043000 -0.003380
v -0.093643 0.043000 -0.002785
v -0.094963 0.043000 -0.002182
v -0.096279 0.043000 -0.001571
v -0.097592 0.043000 -0.000951
v -0.098901 0.043000 -0.000323
v -0.100205 0.043000 0.000314
v -0.101505 0.043000 0.000959
v -0.102802 0.043000 0.001612
v -0.104094 0.043000 0.002274
v -0.105381 0.043000 0.002943
v -0.106665 0.043000 0.003621
v -0.107944 0.043000 0.004307
v -0.109219 0.043000 0.005002
v -0.110489 0.043000 0.005704
v -0.110489 0.048000 0.005704
v -0.110431 0.048000 0.005672
v -0.110372 0.048000 0.005639
v -0.110314 0.048000 0.005607
v 0.110314 0.048000 0.005607
v 0.091566 0.048000 -0.003713
v 0.072038 0.048000 -0.011266
v 0.051898 0.048000 -0.016988
v 0.031317 0.048000 -0.020829
v 0.010469 0.048000 -0.022758
v -0.010469 0.048000 -0.022758
v -0.031317 0.048000 -0.020829
v -0.051898 0.048000 -0.016988
v -0.072038 0.048000 -0.011266
v -0.091566 0.048000 -0.003713
v 0.110431 0.048000 0.005672
v 0.110372 0.048000 0.005639
v -0.088498 0.043000 0.044965
v -0.071918 0.043000 0.036812
v -0.054597 0.043000 0.030382
v -0.036714 0.043000 0.025741
v -0.018452 0.043000 0.022938
v 0.000000 0.043000 0.022000
v 0.018452 0.043000 0.022938
v 0.036714 0.043000 0.025741
v 0.054597 0.043000 0.030382
v 0.071918 0.043000 0.036812
v 0.088498 0.043000 0.044965
v -0.088498 0.048000 0.044965
v -0.071918 0.048000 0.036812
v -0.054597 0.048000 0.030382
v -0.036714 0.048000 0.025741
v -0.018452 0.048000 0.022938
v 0.000000 0.048000 0.022000
v 0.018452 0.048000 0.022938
v 0.036714 0.048000 0.025741
v 0.054597 0.048000 0.030382
v 0.071918 0.048000 0.036812
v 0.088498 0.048000 0.044965
v -0.064991 0.048000 -0.028071
v -0.064354 0.048000 -0.028249
v -0.063716 0.048000 -0.028425
v -0.063077 0.048000 -0.028599
v -0.063077 0.016000 -0.028599
v -0.063716 0.016000 -0.028425
v -0.064354 0.016000 -0.028249
v -0.064991 0.016000 -0.028071
v -0.083829 0.016000 -0.021951
v -0.095174 0.016000 -0.017411
v -0.106274 0.016000 -0.012303
v -0.117101 0.016000 -0.006638
v -0.117101 0.048000 -0.006638
v -0.106274 0.048000 -0.012303
v -0.095174 0.048000 -0.017411
v -0.083829 0.048000 -0.021951
v 0.083829 0.048000 -0.021951
v 0.095174 0.048000 -0.017411
v 0.106274 0.048000 -0.012303
v 0.117101 0.048000 -0.006638
v 0.117101 0.016000 -0.006638
v 0.106274 0.016000 -0.012303
v 0.095174 0.016000 -0.017411
v 0.083829 0.016000 -0.021951
v 0.064991 0.016000 -0.028071
v 0.064354 0.016000 -0.028249
v 0.063716 0.016000 -0.028425
v 0.063077 0.016000 -0.028599
v 0.063077 0.048000 -0.028599
v 0.063716 0.048000 -0.028425
v 0.064354 0.048000 -0.028249
v 0.064991 0.048000 -0.028071
v 0.085177 0.045000 0.060350
v 0.085177 0.016000 0.060350
v 0.084299 0.045000 0.059689
v 0.083586 0.045000 0.058853
v 0.083074 0.045000 0.057880
v 0.082787 0.045000 0.056820
v 0.082738 0.045000 0.055722
v 0.082930 0.045000 0.054640
v 0.083354 0.045000 0.053626
v 0.083354 0.016000 0.053626
v 0.084299 0.016000 0.059689
v 0.083586 0.016000 0.058853
v 0.083074 0.016000 0.057880
v 0.082787 0.016000 0.056820
v 0.082738 0.016000 0.055722
v 0.082930 0.016000 0.054640
v 0.064991 0.016000 -0.028071
v 0.066042 0.016000 -0.027644
v 0.066969 0.016000 -0.026990
v 0.067725 0.016000 -0.026144
v 0.068271 0.016000 -0.025150
v 0.068578 0.016000 -0.024058
v 0.068632 0.016000 -0.022925
v 0.068429 0.016000 -0.021810
v 0.064991 0.048000 -0.028071
v 0.068429 0.048000 -0.021810
v 0.068632 0.048000 -0.022925
v 0.068578 0.048000 -0.024058
v 0.068271 0.048000 -0.025150
v 0.067725 0.048000 -0.026144
v 0.066969 0.048000 -0.026990
v 0.066042 0.048000 -0.027644
v 0.083829 0.048000 -0.021951
v 0.082728 0.048000 -0.022222
v 0.081593 0.048000 -0.022238
v 0.080485 0.048000 -0.021998
v 0.079459 0.048000 -0.021515
v 0.078568 0.048000 -0.020813
v 0.077859 0.048000 -0.019928
v 0.077367 0.048000 -0.018905
v 0.083829 0.016000 -0.021951
v 0.077367 0.016000 -0.018905
v 0.077859 0.016000 -0.019928
v 0.078568 0.016000 -0.020813
v 0.079459 0.016000 -0.021515
v 0.080485 0.016000 -0.021998
v 0.081593 0.016000 -0.022238
v 0.082728 0.016000 -0.022222
v -0.064991 0.048000 -0.028071
v -0.066042 0.048000 -0.027644
v -0.066969 0.048000 -0.026990
v -0.067725 0.048000 -0.026144
v -0.068271 0.048000 -0.025150
v -0.068578 0.048000 -0.024058
v -0.068632 0.048000 -0.022925
v -0.068429 0.048000 -0.021810
v -0.064991 0.016000 -0.028071
v -0.068429 0.016000 -0.021810
v -0.068632 0.016000 -0.022925
v -0.068578 0.016000 -0.024058
v -0.068271 0.016000 -0.025150
v -0.067725 0.016000 -0.026144
v -0.066969 0.016000 -0.026990
v -0.066042 0.016000 -0.027644
v -0.083829 0.016000 -0.021951
v -0.082728 0.016000 -0.022222
v -0.081593 0.016000 -0.022238
v -0.080485 0.016000 -0.021998
v -0.079459 0.016000 -0.021515
v -0.078568 0.016000 -0.020813
v -0.077859 0.016000 -0.019928
v -0.077367 0.016000 -0.018905
v -0.083829 0.048000 -0.021951
v -0.077367 0.048000 -0.018905
v -0.077859 0.048000 -0.019928
v -0.078568 0.048000 -0.020813
v -0.079459 0.048000 -0.021515
v -0.080485 0.048000 -0.021998
v -0.081593 0.048000 -0.022238
v -0.082728 0.048000 -0.022222
v 0.095562 0.041000 0.001030
v 0.095562 0.043000 0.001030
v 0.089286 0.041000 0.013898
v 0.089286 0.043000 0.013898
v 0.101188 0.041000 0.003774
v 0.101188 0.043000 0.003774
v 0.095562 0.041000 0.001030
v 0.095562 0.043000 0.001030
v 0.094912 0.041000 0.016642
v 0.094912 0.043000 0.016642
v 0.101188 0.041000 0.003774
v 0.101188 0.043000 0.003774
v 0.089286 0.041000 0.013898
v 0.089286 0.043000 0.013898
v 0.094912 0.041000 0.016642
v 0.094912 0.043000 0.016642
v 0.095562 0.041000 0.001030
v 0.089286 0.041000 0.013898
v 0.094912 0.041000 0.016642
v 0.101188 0.041000 0.003774
v -0.009858 0.041000 0.021154
v -0.009858 0.043000 0.021154
v -0.010857 0.041000 0.006871
v -0.010857 0.043000 0.006871
v -0.015699 0.041000 0.021562
v -0.015699 0.043000 0.021562
v -0.009858 0.041000 0.021154
v -0.009858 0.043000 0.021154
v -0.016697 0.041000 0.007280
v -0.016697 0.043000 0.007280
v -0.015699 0.041000 0.021562
v -0.015699 0.043000 0.021562
v -0.010857 0.041000 0.006871
v -0.010857 0.043000 0.006871
v -0.016697 0.041000 0.007280
v -0.016697 0.043000 0.007280
v -0.015699 0.041000 0.021562
v -0.009858 0.041000 0.021154
v -0.016697 0.041000 0.007280
v -0.010857 0.041000 0.006871
v 0.059393 0.041000 0.011834
v 0.059393 0.043000 0.011834
v 0.054969 0.041000 0.025451
v 0.054969 0.043000 0.025451
v 0.064961 0.041000 0.013643
v 0.064961 0.043000 0.013643
v 0.059393 0.041000 0.011834
v 0.059393 0.043000 0.011834
v 0.060537 0.041000 0.027260
v 0.060537 0.043000 0.027260
v 0.064961 0.041000 0.013643
v 0.064961 0.043000 0.013643
v 0.054969 0.041000 0.025451
v 0.054969 0.043000 0.025451
v 0.060537 0.041000 0.027260
v 0.060537 0.043000 0.027260
v 0.059393 0.041000 0.011834
v 0.054969 0.041000 0.025451
v 0.060537 0.041000 0.027260
v 0.064961 0.041000 0.013643
v 0.053307 0.041000 0.028815
v 0.053307 0.043000 0.028815
v 0.057254 0.041000 0.015052
v 0.057254 0.043000 0.015052
v 0.047680 0.041000 0.027201
v 0.047680 0.043000 0.027201
v 0.053307 0.041000 0.028815
v 0.053307 0.043000 0.028815
v 0.051626 0.041000 0.013438
v 0.051626 0.043000 0.013438
v 0.047680 0.041000 0.027201
v 0.047680 0.043000 0.027201
v 0.057254 0.041000 0.015052
v 0.057254 0.043000 0.015052
v 0.051626 0.041000 0.013438
v 0.051626 0.043000 0.013438
v 0.047680 0.041000 0.027201
v 0.053307 0.041000 0.028815
v 0.051626 0.041000 0.013438
v 0.057254 0.041000 0.015052
v 0.072660 0.041000 0.016445
v 0.072660 0.043000 0.016445
v 0.067297 0.041000 0.029720
v 0.067297 0.043000 0.029720
v 0.078088 0.041000 0.018639
v 0.078088 0.043000 0.018639
v 0.072660 0.041000 0.016445
v 0.072660 0.043000 0.016445
v 0.072725 0.041000 0.031913
v 0.072725 0.043000 0.031913
v 0.078088 0.041000 0.018639
v 0.078088 0.043000 0.018639
v 0.067297 0.041000 0.029720
v 0.067297 0.043000 0.029720
v 0.072725 0.041000 0.031913
v 0.072725 0.043000 0.031913
v 0.072660 0.041000 0.016445
v 0.067297 0.041000 0.029720
v 0.072725 0.041000 0.031913
v 0.078088 0.041000 0.018639
v 0.015699 0.041000 0.021562
v 0.015699 0.043000 0.021562
v 0.016697 0.041000 0.007280
v 0.016697 0.043000 0.007280
v 0.009858 0.041000 0.021154
v 0.009858 0.043000 0.021154
v 0.015699 0.041000 0.021562
v 0.015699 0.043000 0.021562
v 0.010857 0.041000 0.006871
v 0.010857 0.043000 0.006871
v 0.009858 0.041000 0.021154
v 0.009858 0.043000 0.021154
v 0.016697 0.041000 0.007280
v 0.016697 0.043000 0.007280
v 0.010857 0.041000 0.006871
v 0.010857 0.043000 0.006871
v 0.009858 0.041000 0.021154
v 0.015699 0.041000 0.021562
v 0.010857 0.041000 0.006871
v 0.016697 0.041000 0.007280
v -0.023943 0.041000 0.004299
v -0.023943 0.043000 0.004299
v -0.022447 0.041000 0.018538
v -0.022447 0.043000 0.018538
v -0.018121 0.041000 0.003687
v -0.018121 0.043000 0.003687
v -0.023943 0.041000 0.004299
v -0.023943 0.043000 0.004299
v -0.016624 0.041000 0.017926
v -0.016624 0.043000 0.017926
v -0.018121 0.041000 0.003687
v -0.018121 0.043000 0.003687
v -0.022447 0.041000 0.018538
v -0.022447 0.043000 0.018538
v -0.016624 0.041000 0.017926
v -0.016624 0.043000 0.017926
v -0.023943 0.041000 0.004299
v -0.022447 0.041000 0.018538
v -0.016624 0.041000 0.017926
v -0.018121 0.041000 0.003687
v -0.022596 0.041000 0.022287
v -0.022596 0.043000 0.022287
v -0.024589 0.041000 0.008109
v -0.024589 0.043000 0.008109
v -0.028394 0.041000 0.023102
v -0.028394 0.043000 0.023102
v -0.022596 0.041000 0.022287
v -0.022596 0.043000 0.022287
v -0.030386 0.041000 0.008924
v -0.030386 0.043000 0.008924
v -0.028394 0.041000 0.023102
v -0.028394 0.043000 0.023102
v -0.024589 0.041000 0.008109
v -0.024589 0.043000 0.008109
v -0.030386 0.041000 0.008924
v -0.030386 0.043000 0.008924
v -0.028394 0.041000 0.023102
v -0.022596 0.041000 0.022287
v -0.030386 0.041000 0.008924
v -0.024589 0.041000 0.008109
v -0.009948 0.041000 0.003115
v -0.009948 0.043000 0.003115
v -0.009448 0.041000 0.017424
v -0.009448 0.043000 0.017424
v -0.004097 0.041000 0.002911
v -0.004097 0.043000 0.002911
v -0.009948 0.041000 0.003115
v -0.009948 0.043000 0.003115
v -0.003597 0.041000 0.017220
v -0.003597 0.043000 0.017220
v -0.004097 0.041000 0.002911
v -0.004097 0.043000 0.002911
v -0.009448 0.041000 0.017424
v -0.009448 0.043000 0.017424
v -0.003597 0.041000 0.017220
v -0.003597 0.043000 0.017220
v -0.009948 0.041000 0.003115
v -0.009448 0.041000 0.017424
v -0.003597 0.041000 0.017220
v -0.004097 0.041000 0.002911
v 0.043927 0.041000 0.011519
v 0.043927 0.043000 0.011519
v 0.038200 0.041000 0.010302
v 0.038200 0.043000 0.010302
v 0.040950 0.041000 0.025523
v 0.040950 0.043000 0.025523
v 0.043927 0.041000 0.011519
v 0.043927 0.043000 0.011519
v 0.035224 0.041000 0.024306
v 0.035224 0.043000 0.024306
v 0.040950 0.041000 0.025523
v 0.040950 0.043000 0.025523
v 0.038200 0.041000 0.010302
v 0.038200 0.043000 0.010302
v 0.035224 0.041000 0.024306
v 0.035224 0.043000 0.024306
v 0.040950 0.041000 0.025523
v 0.043927 0.041000 0.011519
v 0.035224 0.041000 0.024306
v 0.038200 0.041000 0.010302
v -0.051517 0.041000 0.009576
v -0.051517 0.043000 0.009576
v -0.048054 0.041000 0.023468
v -0.048054 0.043000 0.023468
v -0.045837 0.041000 0.008159
v -0.045837 0.043000 0.008159
v -0.051517 0.041000 0.009576
v -0.051517 0.043000 0.009576
v -0.042373 0.041000 0.022051
v -0.042373 0.043000 0.022051
v -0.045837 0.041000 0.008159
v -0.045837 0.043000 0.008159
v -0.048054 0.041000 0.023468
v -0.048054 0.043000 0.023468
v -0.042373 0.041000 0.022051
v -0.042373 0.043000 0.022051
v -0.051517 0.041000 0.009576
v -0.048054 0.041000 0.023468
v -0.042373 0.041000 0.022051
v -0.045837 0.041000 0.008159
v -0.047680 0.041000 0.027201
v -0.047680 0.043000 0.027201
v -0.051626 0.041000 0.013438
v -0.051626 0.043000 0.013438
v -0.053307 0.041000 0.028815
v -0.053307 0.043000 0.028815
v -0.047680 0.041000 0.027201
v -0.047680 0.043000 0.027201
v -0.057254 0.041000 0.015052
v -0.057254 0.043000 0.015052
v -0.053307 0.041000 0.028815
v -0.053307 0.043000 0.028815
v -0.051626 0.041000 0.013438
v -0.051626 0.043000 0.013438
v -0.057254 0.041000 0.015052
v -0.057254 0.043000 0.015052
v -0.053307 0.041000 0.028815
v -0.047680 0.041000 0.027201
v -0.057254 0.041000 0.015052
v -0.051626 0.041000 0.013438
v -0.037822 0.041000 0.006456
v -0.037822 0.043000 0.006456
v -0.035336 0.041000 0.020556
v -0.035336 0.043000 0.020556
v -0.032057 0.041000 0.005439
v -0.032057 0.043000 0.005439
v -0.037822 0.041000 0.006456
v -0.037822 0.043000 0.006456
v -0.029571 0.041000 0.019539
v -0.029571 0.043000 0.019539
v -0.032057 0.041000 0.005439
v -0.032057 0.043000 0.005439
v -0.035336 0.041000 0.020556
v -0.035336 0.043000 0.020556
v -0.029571 0.041000 0.019539
v -0.029571 0.043000 0.019539
v -0.037822 0.041000 0.006456
v -0.035336 0.041000 0.020556
v -0.029571 0.041000 0.019539
v -0.032057 0.041000 0.005439
v 0.065405 0.041000 0.032960
v 0.065405 0.043000 0.032960
v 0.070302 0.041000 0.019506
v 0.070302 0.043000 0.019506
v 0.059903 0.041000 0.030958
v 0.059903 0.043000 0.030958
v 0.065405 0.041000 0.032960
v 0.065405 0.043000 0.032960
v 0.064800 0.041000 0.017504
v 0.064800 0.043000 0.017504
v 0.059903 0.041000 0.030958
v 0.059903 0.043000 0.030958
v 0.070302 0.041000 0.019506
v 0.070302 0.043000 0.019506
v 0.064800 0.041000 0.017504
v 0.064800 0.043000 0.017504
v 0.059903 0.041000 0.030958
v 0.065405 0.041000 0.032960
v 0.064800 0.041000 0.017504
v 0.070302 0.041000 0.019506
v 0.035336 0.041000 0.020556
v 0.035336 0.043000 0.020556
v 0.037822 0.041000 0.006456
v 0.037822 0.043000 0.006456
v 0.029571 0.041000 0.019539
v 0.029571 0.043000 0.019539
v 0.035336 0.041000 0.020556
v 0.035336 0.043000 0.020556
v 0.032057 0.041000 0.005439
v 0.032057 0.043000 0.005439
v 0.029571 0.041000 0.019539
v 0.029571 0.043000 0.019539
v 0.037822 0.041000 0.006456
v 0.037822 0.043000 0.006456
v 0.032057 0.041000 0.005439
v 0.032057 0.043000 0.005439
v 0.035336 0.041000 0.020556
v 0.037822 0.041000 0.006456
v 0.032057 0.041000 0.005439
v 0.029571 0.041000 0.019539
v 0.028394 0.041000 0.023102
v 0.028394 0.043000 0.023102
v 0.030386 0.041000 0.008924
v 0.030386 0.043000 0.008924
v 0.022596 0.041000 0.022287
v 0.022596 0.043000 0.022287
v 0.028394 0.041000 0.023102
v 0.028394 0.043000 0.023102
v 0.024589 0.041000 0.008109
v 0.024589 0.043000 0.008109
v 0.022596 0.041000 0.022287
v 0.022596 0.043000 0.022287
v 0.030386 0.041000 0.008924
v 0.030386 0.043000 0.008924
v 0.024589 0.041000 0.008109
v 0.024589 0.043000 0.008109
v 0.022596 0.041000 0.022287
v 0.028394 0.041000 0.023102
v 0.024589 0.041000 0.008109
v 0.030386 0.041000 0.008924
v 0.045837 0.041000 0.008159
v 0.045837 0.043000 0.008159
v 0.042373 0.041000 0.022051
v 0.042373 0.043000 0.022051
v 0.051517 0.041000 0.009576
v 0.051517 0.043000 0.009576
v 0.045837 0.041000 0.008159
v 0.045837 0.043000 0.008159
v 0.048054 0.041000 0.023468
v 0.048054 0.043000 0.023468
v 0.051517 0.041000 0.009576
v 0.051517 0.043000 0.009576
v 0.042373 0.041000 0.022051
v 0.042373 0.043000 0.022051
v 0.048054 0.041000 0.023468
v 0.048054 0.043000 0.023468
v 0.045837 0.041000 0.008159
v 0.042373 0.041000 0.022051
v 0.048054 0.041000 0.023468
v 0.051517 0.041000 0.009576
v 0.009948 0.041000 0.003115
v 0.009948 0.043000 0.003115
v 0.004097 0.041000 0.002911
v 0.004097 0.043000 0.002911
v 0.009448 0.041000 0.017424
v 0.009448 0.043000 0.017424
v 0.009948 0.041000 0.003115
v 0.009948 0.043000 0.003115
v 0.003597 0.041000 0.017220
v 0.003597 0.043000 0.017220
v 0.009448 0.041000 0.017424
v 0.009448 0.043000 0.017424
v 0.004097 0.041000 0.002911
v 0.004097 0.043000 0.002911
v 0.003597 0.041000 0.017220
v 0.003597 0.043000 0.017220
v 0.009448 0.041000 0.017424
v 0.009948 0.041000 0.003115
v 0.003597 0.041000 0.017220
v 0.004097 0.041000 0.002911
v 0.002927 0.041000 0.006594
v 0.002927 0.043000 0.006594
v -0.002927 0.041000 0.006594
v -0.002927 0.043000 0.006594
v 0.002927 0.041000 0.020912
v 0.002927 0.043000 0.020912
v 0.002927 0.041000 0.006594
v 0.002927 0.043000 0.006594
v -0.002927 0.041000 0.020912
v -0.002927 0.043000 0.020912
v 0.002927 0.041000 0.020912
v 0.002927 0.043000 0.020912
v -0.002927 0.041000 0.006594
v -0.002927 0.043000 0.006594
v -0.002927 0.041000 0.020912
v -0.002927 0.043000 0.020912
v 0.002927 0.041000 0.020912
v 0.002927 0.041000 0.006594
v -0.002927 0.041000 0.020912
v -0.002927 0.041000 0.006594
v 0.018121 0.041000 0.003687
v 0.018121 0.043000 0.003687
v 0.016624 0.041000 0.017926
v 0.016624 0.043000 0.017926
v 0.023943 0.041000 0.004299
v 0.023943 0.043000 0.004299
v 0.018121 0.041000 0.003687
v 0.018121 0.043000 0.003687
v 0.022447 0.041000 0.018538
v 0.022447 0.043000 0.018538
v 0.023943 0.041000 0.004299
v 0.023943 0.043000 0.004299
v 0.016624 0.041000 0.017926
v 0.016624 0.043000 0.017926
v 0.022447 0.041000 0.018538
v 0.022447 0.043000 0.018538
v 0.018121 0.041000 0.003687
v 0.016624 0.041000 0.017926
v 0.022447 0.041000 0.018538
v 0.023943 0.041000 0.004299
v -0.101188 0.041000 0.003774
v -0.101188 0.043000 0.003774
v -0.094912 0.041000 0.016642
v -0.094912 0.043000 0.016642
v -0.095562 0.041000 0.001030
v -0.095562 0.043000 0.001030
v -0.101188 0.041000 0.003774
v -0.101188 0.043000 0.003774
v -0.089286 0.041000 0.013898
v -0.089286 0.043000 0.013898
v -0.095562 0.041000 0.001030
v -0.095562 0.043000 0.001030
v -0.094912 0.041000 0.016642
v -0.094912 0.043000 0.016642
v -0.089286 0.041000 0.013898
v -0.089286 0.043000 0.013898
v -0.101188 0.041000 0.003774
v -0.094912 0.041000 0.016642
v -0.089286 0.041000 0.013898
v -0.095562 0.041000 0.001030
v 0.077184 0.041000 0.037940
v 0.077184 0.043000 0.037940
v 0.083007 0.041000 0.024860
v 0.083007 0.043000 0.024860
v 0.071835 0.041000 0.035558
v 0.071835 0.043000 0.035558
v 0.077184 0.041000 0.037940
v 0.077184 0.043000 0.037940
v 0.077659 0.041000 0.022479
v 0.077659 0.043000 0.022479
v 0.071835 0.041000 0.035558
v 0.071835 0.043000 0.035558
v 0.083007 0.041000 0.024860
v 0.083007 0.043000 0.024860
v 0.077659 0.041000 0.022479
v 0.077659 0.043000 0.022479
v 0.071835 0.041000 0.035558
v 0.077184 0.041000 0.037940
v 0.077659 0.041000 0.022479
v 0.083007 0.041000 0.024860
v -0.067648 0.041000 0.009087
v -0.067648 0.043000 0.009087
v -0.072545 0.041000 -0.004367
v -0.072545 0.043000 -0.004367
v -0.073530 0.041000 0.011228
v -0.073530 0.043000 0.011228
v -0.067648 0.041000 0.009087
v -0.067648 0.043000 0.009087
v -0.078427 0.041000 -0.002226
v -0.078427 0.043000 -0.002226
v -0.073530 0.041000 0.011228
v -0.073530 0.043000 0.011228
v -0.072545 0.041000 -0.004367
v -0.072545 0.043000 -0.004367
v -0.078427 0.041000 -0.002226
v -0.078427 0.043000 -0.002226
v -0.073530 0.041000 0.011228
v -0.067648 0.041000 0.009087
v -0.078427 0.041000 -0.002226
v -0.072545 0.041000 -0.004367
v -0.081087 0.041000 0.014281
v -0.081087 0.043000 0.014281
v -0.086910 0.041000 0.001202
v -0.086910 0.043000 0.001202
v -0.086805 0.041000 0.016827
v -0.086805 0.043000 0.016827
v -0.081087 0.041000 0.014281
v -0.081087 0.043000 0.014281
v -0.092629 0.041000 0.003748
v -0.092629 0.043000 0.003748
v -0.086805 0.041000 0.016827
v -0.086805 0.043000 0.016827
v -0.086910 0.041000 0.001202
v -0.086910 0.043000 0.001202
v -0.092629 0.041000 0.003748
v -0.092629 0.043000 0.003748
v -0.086805 0.041000 0.016827
v -0.081087 0.041000 0.014281
v -0.092629 0.041000 0.003748
v -0.086910 0.041000 0.001202
v -0.072323 0.041000 -0.008359
v -0.072323 0.043000 -0.008359
v -0.067899 0.041000 0.005257
v -0.067899 0.043000 0.005257
v -0.066370 0.041000 -0.010294
v -0.066370 0.043000 -0.010294
v -0.072323 0.041000 -0.008359
v -0.072323 0.043000 -0.008359
v -0.061946 0.041000 0.003323
v -0.061946 0.043000 0.003323
v -0.066370 0.041000 -0.010294
v -0.066370 0.043000 -0.010294
v -0.067899 0.041000 0.005257
v -0.067899 0.043000 0.005257
v -0.061946 0.041000 0.003323
v -0.061946 0.043000 0.003323
v -0.072323 0.041000 -0.008359
v -0.067899 0.041000 0.005257
v -0.061946 0.041000 0.003323
v -0.066370 0.041000 -0.010294
v -0.086967 0.041000 -0.002797
v -0.086967 0.043000 -0.002797
v -0.081604 0.041000 0.010478
v -0.081604 0.043000 0.010478
v -0.081164 0.041000 -0.005142
v -0.081164 0.043000 -0.005142
v -0.086967 0.041000 -0.002797
v -0.086967 0.043000 -0.002797
v -0.075800 0.041000 0.008133
v -0.075800 0.043000 0.008133
v -0.081164 0.041000 -0.005142
v -0.081164 0.043000 -0.005142
v -0.081604 0.041000 0.010478
v -0.081604 0.043000 0.010478
v -0.075800 0.041000 0.008133
v -0.075800 0.043000 0.008133
v -0.086967 0.041000 -0.002797
v -0.081604 0.041000 0.010478
v -0.075800 0.041000 0.008133
v -0.081164 0.041000 -0.005142
v -0.053880 0.041000 0.004843
v -0.053880 0.043000 0.004843
v -0.057826 0.041000 -0.008919
v -0.057826 0.043000 -0.008919
v -0.059897 0.041000 0.006569
v -0.059897 0.043000 0.006569
v -0.053880 0.041000 0.004843
v -0.053880 0.043000 0.004843
v -0.063843 0.041000 -0.007194
v -0.063843 0.043000 -0.007194
v -0.059897 0.041000 0.006569
v -0.059897 0.043000 0.006569
v -0.057826 0.041000 -0.008919
v -0.057826 0.043000 -0.008919
v -0.063843 0.041000 -0.007194
v -0.063843 0.043000 -0.007194
v -0.059897 0.041000 0.006569
v -0.053880 0.041000 0.004843
v -0.063843 0.041000 -0.007194
v -0.057826 0.041000 -0.008919
v -0.057326 0.041000 -0.012887
v -0.057326 0.043000 -0.012887
v -0.053863 0.041000 0.001005
v -0.053863 0.043000 0.001005
v -0.051253 0.041000 -0.014401
v -0.051253 0.043000 -0.014401
v -0.057326 0.041000 -0.012887
v -0.057326 0.043000 -0.012887
v -0.047789 0.041000 -0.000509
v -0.047789 0.043000 -0.000509
v -0.051253 0.041000 -0.014401
v -0.051253 0.043000 -0.014401
v -0.053863 0.041000 0.001005
v -0.053863 0.043000 0.001005
v -0.047789 0.041000 -0.000509
v -0.047789 0.043000 -0.000509
v -0.057326 0.041000 -0.012887
v -0.053863 0.041000 0.001005
v -0.047789 0.041000 -0.000509
v -0.051253 0.041000 -0.014401
v -0.010875 0.041000 -0.017651
v -0.010875 0.043000 -0.017651
v -0.010376 0.041000 -0.003343
v -0.010376 0.043000 -0.003343
v -0.004620 0.041000 -0.017870
v -0.004620 0.043000 -0.017870
v -0.010875 0.041000 -0.017651
v -0.010875 0.043000 -0.017651
v -0.004120 0.041000 -0.003561
v -0.004120 0.043000 -0.003561
v -0.004620 0.041000 -0.017870
v -0.004620 0.043000 -0.017870
v -0.010376 0.041000 -0.003343
v -0.010376 0.043000 -0.003343
v -0.004120 0.041000 -0.003561
v -0.004120 0.043000 -0.003561
v -0.010875 0.041000 -0.017651
v -0.010376 0.041000 -0.003343
v -0.004120 0.041000 -0.003561
v -0.004620 0.041000 -0.017870
v -0.011275 0.041000 -0.002005
v -0.011275 0.043000 -0.002005
v -0.012274 0.041000 -0.016287
v -0.012274 0.043000 -0.016287
v -0.017519 0.041000 -0.001568
v -0.017519 0.043000 -0.001568
v -0.011275 0.041000 -0.002005
v -0.011275 0.043000 -0.002005
v -0.018518 0.041000 -0.015851
v -0.018518 0.043000 -0.015851
v -0.017519 0.041000 -0.001568
v -0.017519 0.043000 -0.001568
v -0.012274 0.041000 -0.016287
v -0.012274 0.043000 -0.016287
v -0.018518 0.041000 -0.015851
v -0.018518 0.043000 -0.015851
v -0.017519 0.041000 -0.001568
v -0.011275 0.041000 -0.002005
v -0.018518 0.041000 -0.015851
v -0.012274 0.041000 -0.016287
v 0.010960 0.041000 -0.020064
v 0.010960 0.043000 -0.020064
v 0.004704 0.041000 -0.020283
v 0.004704 0.043000 -0.020283
v 0.010460 0.041000 -0.005756
v 0.010460 0.043000 -0.005756
v 0.010960 0.041000 -0.020064
v 0.010960 0.043000 -0.020064
v 0.004204 0.041000 -0.005974
v 0.004204 0.043000 -0.005974
v 0.010460 0.041000 -0.005756
v 0.010460 0.043000 -0.005756
v 0.004704 0.041000 -0.020283
v 0.004704 0.043000 -0.020283
v 0.004204 0.041000 -0.005974
v 0.004204 0.043000 -0.005974
v 0.010460 0.041000 -0.005756
v 0.010960 0.041000 -0.020064
v 0.004204 0.041000 -0.005974
v 0.004704 0.041000 -0.020283
v 0.003130 0.041000 -0.002289
v 0.003130 0.043000 -0.002289
v 0.003130 0.041000 -0.016606
v 0.003130 0.043000 -0.016606
v -0.003130 0.041000 -0.002289
v -0.003130 0.043000 -0.002289
v 0.003130 0.041000 -0.002289
v 0.003130 0.043000 -0.002289
v -0.003130 0.041000 -0.016606
v -0.003130 0.043000 -0.016606
v -0.003130 0.041000 -0.002289
v -0.003130 0.043000 -0.002289
v 0.003130 0.041000 -0.016606
v 0.003130 0.043000 -0.016606
v -0.003130 0.041000 -0.016606
v -0.003130 0.043000 -0.016606
v -0.003130 0.041000 -0.002289
v 0.003130 0.041000 -0.002289
v -0.003130 0.041000 -0.016606
v 0.003130 0.041000 -0.016606
v -0.026570 0.041000 -0.018754
v -0.026570 0.043000 -0.018754
v -0.025073 0.041000 -0.004515
v -0.025073 0.043000 -0.004515
v -0.020345 0.041000 -0.019408
v -0.020345 0.043000 -0.019408
v -0.026570 0.041000 -0.018754
v -0.026570 0.043000 -0.018754
v -0.018848 0.041000 -0.005169
v -0.018848 0.043000 -0.005169
v -0.020345 0.041000 -0.019408
v -0.020345 0.043000 -0.019408
v -0.025073 0.041000 -0.004515
v -0.025073 0.043000 -0.004515
v -0.018848 0.041000 -0.005169
v -0.018848 0.043000 -0.005169
v -0.026570 0.041000 -0.018754
v -0.025073 0.041000 -0.004515
v -0.018848 0.041000 -0.005169
v -0.020345 0.041000 -0.019408
v -0.025625 0.041000 -0.000716
v -0.025625 0.043000 -0.000716
v -0.027617 0.041000 -0.014894
v -0.027617 0.043000 -0.014894
v -0.031823 0.041000 0.000155
v -0.031823 0.043000 0.000155
v -0.025625 0.041000 -0.000716
v -0.025625 0.043000 -0.000716
v -0.033816 0.041000 -0.014023
v -0.033816 0.043000 -0.014023
v -0.031823 0.041000 0.000155
v -0.031823 0.043000 0.000155
v -0.027617 0.041000 -0.014894
v -0.027617 0.043000 -0.014894
v -0.033816 0.041000 -0.014023
v -0.033816 0.043000 -0.014023
v -0.031823 0.041000 0.000155
v -0.025625 0.041000 -0.000716
v -0.033816 0.041000 -0.014023
v -0.027617 0.041000 -0.014894
v -0.042051 0.041000 -0.016357
v -0.042051 0.043000 -0.016357
v -0.039564 0.041000 -0.002257
v -0.039564 0.043000 -0.002257
v -0.035886 0.041000 -0.017444
v -0.035886 0.043000 -0.017444
v -0.042051 0.041000 -0.016357
v -0.042051 0.043000 -0.016357
v -0.033400 0.041000 -0.003344
v -0.033400 0.043000 -0.003344
v -0.035886 0.041000 -0.017444
v -0.035886 0.043000 -0.017444
v -0.039564 0.041000 -0.002257
v -0.039564 0.043000 -0.002257
v -0.033400 0.041000 -0.003344
v -0.033400 0.043000 -0.003344
v -0.042051 0.041000 -0.016357
v -0.039564 0.041000 -0.002257
v -0.033400 0.041000 -0.003344
v -0.035886 0.041000 -0.017444
v -0.039849 0.041000 0.001570
v -0.039849 0.043000 0.001570
v -0.042826 0.041000 -0.012434
v -0.042826 0.043000 -0.012434
v -0.045972 0.041000 0.002872
v -0.045972 0.043000 0.002872
v -0.039849 0.041000 0.001570
v -0.039849 0.043000 0.001570
v -0.048949 0.041000 -0.011133
v -0.048949 0.043000 -0.011133
v -0.045972 0.041000 0.002872
v -0.045972 0.043000 0.002872
v -0.042826 0.041000 -0.012434
v -0.042826 0.043000 -0.012434
v -0.048949 0.041000 -0.011133
v -0.048949 0.043000 -0.011133
v -0.045972 0.041000 0.002872
v -0.039849 0.041000 0.001570
v -0.048949 0.041000 -0.011133
v -0.042826 0.041000 -0.012434
v -0.059903 0.041000 0.030958
v -0.059903 0.043000 0.030958
v -0.064800 0.041000 0.017504
v -0.064800 0.043000 0.017504
v -0.065405 0.041000 0.032960
v -0.065405 0.043000 0.032960
v -0.059903 0.041000 0.030958
v -0.059903 0.043000 0.030958
v -0.070302 0.041000 0.019506
v -0.070302 0.043000 0.019506
v -0.065405 0.041000 0.032960
v -0.065405 0.043000 0.032960
v -0.064800 0.041000 0.017504
v -0.064800 0.043000 0.017504
v -0.070302 0.041000 0.019506
v -0.070302 0.043000 0.019506
v -0.065405 0.041000 0.032960
v -0.059903 0.041000 0.030958
v -0.070302 0.041000 0.019506
v -0.064800 0.041000 0.017504
v 0.057326 0.041000 -0.012887
v 0.057326 0.043000 -0.012887
v 0.051253 0.041000 -0.014401
v 0.051253 0.043000 -0.014401
v 0.053863 0.041000 0.001005
v 0.053863 0.043000 0.001005
v 0.057326 0.041000 -0.012887
v 0.057326 0.043000 -0.012887
v 0.047789 0.041000 -0.000509
v 0.047789 0.043000 -0.000509
v 0.053863 0.041000 0.001005
v 0.053863 0.043000 0.001005
v 0.051253 0.041000 -0.014401
v 0.051253 0.043000 -0.014401
v 0.047789 0.041000 -0.000509
v 0.047789 0.043000 -0.000509
v 0.053863 0.041000 0.001005
v 0.057326 0.041000 -0.012887
v 0.047789 0.041000 -0.000509
v 0.051253 0.041000 -0.014401
v 0.045972 0.041000 0.002872
v 0.045972 0.043000 0.002872
v 0.048949 0.041000 -0.011133
v 0.048949 0.043000 -0.011133
v 0.039849 0.041000 0.001570
v 0.039849 0.043000 0.001570
v 0.045972 0.041000 0.002872
v 0.045972 0.043000 0.002872
v 0.042826 0.041000 -0.012434
v 0.042826 0.043000 -0.012434
v 0.039849 0.041000 0.001570
v 0.039849 0.043000 0.001570
v 0.048949 0.041000 -0.011133
v 0.048949 0.043000 -0.011133
v 0.042826 0.041000 -0.012434
v 0.042826 0.043000 -0.012434
v 0.039849 0.041000 0.001570
v 0.045972 0.041000 0.002872
v 0.042826 0.041000 -0.012434
v 0.048949 0.041000 -0.011133
v 0.066370 0.041000 -0.010294
v 0.066370 0.043000 -0.010294
v 0.061946 0.041000 0.003323
v 0.061946 0.043000 0.003323
v 0.072323 0.041000 -0.008359
v 0.072323 0.043000 -0.008359
v 0.066370 0.041000 -0.010294
v 0.066370 0.043000 -0.010294
v 0.067899 0.041000 0.005257
v 0.067899 0.043000 0.005257
v 0.072323 0.041000 -0.008359
v 0.072323 0.043000 -0.008359
v 0.061946 0.041000 0.003323
v 0.061946 0.043000 0.003323
v 0.067899 0.041000 0.005257
v 0.067899 0.043000 0.005257
v 0.066370 0.041000 -0.010294
v 0.061946 0.041000 0.003323
v 0.067899 0.041000 0.005257
v 0.072323 0.041000 -0.008359
v -0.035224 0.041000 0.024306
v -0.035224 0.043000 0.024306
v -0.038200 0.041000 0.010302
v -0.038200 0.043000 0.010302
v -0.040950 0.041000 0.025523
v -0.040950 0.043000 0.025523
v -0.035224 0.041000 0.024306
v -0.035224 0.043000 0.024306
v -0.043927 0.041000 0.011519
v -0.043927 0.043000 0.011519
v -0.040950 0.041000 0.025523
v -0.040950 0.043000 0.025523
v -0.038200 0.041000 0.010302
v -0.038200 0.043000 0.010302
v -0.043927 0.041000 0.011519
v -0.043927 0.043000 0.011519
v -0.040950 0.041000 0.025523
v -0.035224 0.041000 0.024306
v -0.043927 0.041000 0.011519
v -0.038200 0.041000 0.010302
v -0.078088 0.041000 0.018639
v -0.078088 0.043000 0.018639
v -0.072725 0.041000 0.031913
v -0.072725 0.043000 0.031913
v -0.072660 0.041000 0.016445
v -0.072660 0.043000 0.016445
v -0.078088 0.041000 0.018639
v -0.078088 0.043000 0.018639
v -0.067297 0.041000 0.029720
v -0.067297 0.043000 0.029720
v -0.072660 0.041000 0.016445
v -0.072660 0.043000 0.016445
v -0.072725 0.041000 0.031913
v -0.072725 0.043000 0.031913
v -0.067297 0.041000 0.029720
v -0.067297 0.043000 0.029720
v -0.078088 0.041000 0.018639
v -0.072725 0.041000 0.031913
v -0.067297 0.041000 0.029720
v -0.072660 0.041000 0.016445
v -0.077659 0.041000 0.022479
v -0.077659 0.043000 0.022479
v -0.083007 0.041000 0.024860
v -0.083007 0.043000 0.024860
v -0.071835 0.041000 0.035558
v -0.071835 0.043000 0.035558
v -0.077659 0.041000 0.022479
v -0.077659 0.043000 0.022479
v -0.077184 0.041000 0.037940
v -0.077184 0.043000 0.037940
v -0.071835 0.041000 0.035558
v -0.071835 0.043000 0.035558
v -0.083007 0.041000 0.024860
v -0.083007 0.043000 0.024860
v -0.077184 0.041000 0.037940
v -0.077184 0.043000 0.037940
v -0.071835 0.041000 0.035558
v -0.077659 0.041000 0.022479
v -0.077184 0.041000 0.037940
v -0.083007 0.041000 0.024860
v -0.064961 0.041000 0.013643
v -0.064961 0.043000 0.013643
v -0.060537 0.041000 0.027260
v -0.060537 0.043000 0.027260
v -0.059393 0.041000 0.011834
v -0.059393 0.043000 0.011834
v -0.064961 0.041000 0.013643
v -0.064961 0.043000 0.013643
v -0.054969 0.041000 0.025451
v -0.054969 0.043000 0.025451
v -0.059393 0.041000 0.011834
v -0.059393 0.043000 0.011834
v -0.060537 0.041000 0.027260
v -0.060537 0.043000 0.027260
v -0.054969 0.041000 0.025451
v -0.054969 0.043000 0.025451
v -0.064961 0.041000 0.013643
v -0.060537 0.041000 0.027260
v -0.054969 0.041000 0.025451
v -0.059393 0.041000 0.011834
v 0.031823 0.041000 0.000155
v 0.031823 0.043000 0.000155
v 0.033816 0.041000 -0.014023
v 0.033816 0.043000 -0.014023
v 0.025625 0.041000 -0.000716
v 0.025625 0.043000 -0.000716
v 0.031823 0.041000 0.000155
v 0.031823 0.043000 0.000155
v 0.027617 0.041000 -0.014894
v 0.027617 0.043000 -0.014894
v 0.025625 0.041000 -0.000716
v 0.025625 0.043000 -0.000716
v 0.033816 0.041000 -0.014023
v 0.033816 0.043000 -0.014023
v 0.027617 0.041000 -0.014894
v 0.027617 0.043000 -0.014894
v 0.025625 0.041000 -0.000716
v 0.031823 0.041000 0.000155
v 0.027617 0.041000 -0.014894
v 0.033816 0.041000 -0.014023
v 0.081164 0.041000 -0.005142
v 0.081164 0.043000 -0.005142
v 0.075800 0.041000 0.008133
v 0.075800 0.043000 0.008133
v 0.086967 0.041000 -0.002797
v 0.086967 0.043000 -0.002797
v 0.081164 0.041000 -0.005142
v 0.081164 0.043000 -0.005142
v 0.081604 0.041000 0.010478
v 0.081604 0.043000 0.010478
v 0.086967 0.041000 -0.002797
v 0.086967 0.043000 -0.002797
v 0.075800 0.041000 0.008133
v 0.075800 0.043000 0.008133
v 0.081604 0.041000 0.010478
v 0.081604 0.043000 0.010478
v 0.081164 0.041000 -0.005142
v 0.075800 0.041000 0.008133
v 0.081604 0.041000 0.010478
v 0.086967 0.041000 -0.002797
v 0.073530 0.041000 0.011228
v 0.073530 0.043000 0.011228
v 0.078427 0.041000 -0.002226
v 0.078427 0.043000 -0.002226
v 0.067648 0.041000 0.009087
v 0.067648 0.043000 0.009087
v 0.073530 0.041000 0.011228
v 0.073530 0.043000 0.011228
v 0.072545 0.041000 -0.004367
v 0.072545 0.043000 -0.004367
v 0.067648 0.041000 0.009087
v 0.067648 0.043000 0.009087
v 0.078427 0.041000 -0.002226
v 0.078427 0.043000 -0.002226
v 0.072545 0.041000 -0.004367
v 0.072545 0.043000 -0.004367
v 0.067648 0.041000 0.009087
v 0.073530 0.041000 0.011228
v 0.072545 0.041000 -0.004367
v 0.078427 0.041000 -0.002226
v 0.086805 0.041000 0.016827
v 0.086805 0.043000 0.016827
v 0.092629 0.041000 0.003748
v 0.092629 0.043000 0.003748
v 0.081087 0.041000 0.014281
v 0.081087 0.043000 0.014281
v 0.086805 0.041000 0.016827
v 0.086805 0.043000 0.016827
v 0.086910 0.041000 0.001202
v 0.086910 0.043000 0.001202
v 0.081087 0.041000 0.014281
v 0.081087 0.043000 0.014281
v 0.092629 0.041000 0.003748
v 0.092629 0.043000 0.003748
v 0.086910 0.041000 0.001202
v 0.086910 0.043000 0.001202
v 0.081087 0.041000 0.014281
v 0.086805 0.041000 0.016827
v 0.086910 0.041000 0.001202
v 0.092629 0.041000 0.003748
v 0.063843 0.041000 -0.007194
v 0.063843 0.043000 -0.007194
v 0.057826 0.041000 -0.008919
v 0.057826 0.043000 -0.008919
v 0.059897 0.041000 0.006569
v 0.059897 0.043000 0.006569
v 0.063843 0.041000 -0.007194
v 0.063843 0.043000 -0.007194
v 0.053880 0.041000 0.004843
v 0.053880 0.043000 0.004843
v 0.059897 0.041000 0.006569
v 0.059897 0.043000 0.006569
v 0.057826 0.041000 -0.008919
v 0.057826 0.043000 -0.008919
v 0.053880 0.041000 0.004843
v 0.053880 0.043000 0.004843
v 0.059897 0.041000 0.006569
v 0.063843 0.041000 -0.007194
v 0.053880 0.041000 0.004843
v 0.057826 0.041000 -0.008919
v 0.026570 0.041000 -0.018754
v 0.026570 0.043000 -0.018754
v 0.020345 0.041000 -0.019408
v 0.020345 0.043000 -0.019408
v 0.025073 0.041000 -0.004515
v 0.025073 0.043000 -0.004515
v 0.026570 0.041000 -0.018754
v 0.026570 0.043000 -0.018754
v 0.018848 0.041000 -0.005169
v 0.018848 0.043000 -0.005169
v 0.025073 0.041000 -0.004515
v 0.025073 0.043000 -0.004515
v 0.020345 0.041000 -0.019408
v 0.020345 0.043000 -0.019408
v 0.018848 0.041000 -0.005169
v 0.018848 0.043000 -0.005169
v 0.025073 0.041000 -0.004515
v 0.026570 0.041000 -0.018754
v 0.018848 0.041000 -0.005169
v 0.020345 0.041000 -0.019408
v 0.017519 0.041000 -0.001568
v 0.017519 0.043000 -0.001568
v 0.018518 0.041000 -0.015851
v 0.018518 0.043000 -0.015851
v 0.011275 0.041000 -0.002005
v 0.011275 0.043000 -0.002005
v 0.017519 0.041000 -0.001568
v 0.017519 0.043000 -0.001568
v 0.012274 0.041000 -0.016287
v 0.012274 0.043000 -0.016287
v 0.011275 0.041000 -0.002005
v 0.011275 0.043000 -0.002005
v 0.018518 0.041000 -0.015851
v 0.018518 0.043000 -0.015851
v 0.012274 0.041000 -0.016287
v 0.012274 0.043000 -0.016287
v 0.011275 0.041000 -0.002005
v 0.017519 0.041000 -0.001568
v 0.012274 0.041000 -0.016287
v 0.018518 0.041000 -0.015851
v 0.035886 0.041000 -0.017444
v 0.035886 0.043000 -0.017444
v 0.033400 0.041000 -0.003344
v 0.033400 0.043000 -0.003344
v 0.042051 0.041000 -0.016357
v 0.042051 0.043000 -0.016357
v 0.035886 0.041000 -0.017444
v 0.035886 0.043000 -0.017444
v 0.039564 0.041000 -0.002257
v 0.039564 0.043000 -0.002257
v 0.042051 0.041000 -0.016357
v 0.042051 0.043000 -0.016357
v 0.033400 0.041000 -0.003344
v 0.033400 0.043000 -0.003344
v 0.039564 0.041000 -0.002257
v 0.039564 0.043000 -0.002257
v 0.035886 0.041000 -0.017444
v 0.033400 0.041000 -0.003344
v 0.039564 0.041000 -0.002257
v 0.042051 0.041000 -0.016357
v -0.060871 0.048000 0.045852
v -0.060451 0.048000 0.046397
v -0.059918 0.048000 0.046832
v -0.059300 0.048000 0.047134
v -0.058629 0.048000 0.047287
v -0.057941 0.048000 0.047284
v -0.057272 0.048000 0.047123
v -0.060871 0.016000 0.045852
v -0.057272 0.016000 0.047123
v -0.057941 0.016000 0.047284
v -0.058629 0.016000 0.047287
v -0.059300 0.016000 0.047134
v -0.059918 0.016000 0.046832
v -0.060451 0.016000 0.046397
v 0.060871 0.016000 0.045852
v 0.060451 0.016000 0.046397
v 0.059918 0.016000 0.046832
v 0.059300 0.016000 0.047134
v 0.058629 0.016000 0.047287
v 0.057941 0.016000 0.047284
v 0.057272 0.016000 0.047123
v 0.060871 0.048000 0.045852
v 0.057272 0.048000 0.047123
v 0.057941 0.048000 0.047284
v 0.058629 0.048000 0.047287
v 0.059300 0.048000 0.047134
v 0.059918 0.048000 0.046832
v 0.060451 0.048000 0.046397
v 0.036278 0.045000 -0.085956
v 0.036278 0.016000 -0.085956
v -0.036278 0.045000 -0.085956
v -0.036278 0.016000 -0.085956
v -0.065000 0.016000 -0.228084
v 0.065000 0.016000 -0.228084
v -0.066113 0.016000 -0.227959
v -0.067169 0.016000 -0.227589
v -0.068117 0.016000 -0.226993
v -0.068909 0.016000 -0.226201
v -0.069505 0.016000 -0.225253
v -0.069875 0.016000 -0.224197
v -0.070000 0.016000 -0.223084
v -0.070000 0.016000 -0.077542
v -0.070149 0.016000 -0.076331
v -0.070586 0.016000 -0.075193
v -0.071286 0.016000 -0.074194
v -0.072207 0.016000 -0.073395
v -0.073294 0.016000 -0.072842
v -0.072189 0.016000 -0.073243
v -0.037983 0.016000 -0.085656
v -0.037428 0.016000 -0.085822
v -0.036857 0.016000 -0.085923
v -0.036278 0.016000 -0.085956
v 0.036278 0.016000 -0.085956
v 0.036857 0.016000 -0.085923
v 0.037428 0.016000 -0.085822
v 0.037983 0.016000 -0.085656
v 0.072189 0.016000 -0.073243
v 0.073294 0.016000 -0.072842
v 0.072207 0.016000 -0.073395
v 0.071286 0.016000 -0.074194
v 0.070586 0.016000 -0.075193
v 0.070149 0.016000 -0.076331
v 0.070000 0.016000 -0.077542
v 0.070000 0.016000 -0.223084
v 0.069875 0.016000 -0.224197
v 0.069505 0.016000 -0.225253
v 0.068909 0.016000 -0.226201
v 0.068117 0.016000 -0.226993
v 0.067169 0.016000 -0.227589
v 0.066113 0.016000 -0.227959
v 0.054000 0.016000 -0.212084
v 0.054000 0.016000 -0.104084
v -0.054000 0.016000 -0.104084
v -0.054000 0.016000 -0.212084
v -0.065000 0.000000 -0.228084
v 0.065000 0.000000 -0.228084
v -0.065000 0.016000 -0.228084
v 0.065000 0.016000 -0.228084
v 0.070000 0.016000 -0.223084
v 0.070000 0.016000 -0.077542
v 0.070000 0.000000 -0.077542
v 0.070000 0.000000 -0.223084
v -0.070000 0.000000 -0.077542
v -0.070000 0.000000 -0.223084
v -0.070000 0.016000 -0.077542
v -0.070000 0.016000 -0.223084
v -0.070000 0.016000 0.106262
v -0.070000 0.016000 0.236262
v -0.070000 0.000000 0.106262
v -0.070000 0.000000 0.236262
v 0.070000 0.000000 0.106262
v 0.070000 0.000000 0.236262
v 0.070000 0.016000 0.106262
v 0.070000 0.016000 0.236262
v 0.065000 0.000000 0.241262
v -0.065000 0.000000 0.241262
v 0.065000 0.016000 0.241262
v -0.065000 0.016000 0.241262
v 0.037983 0.045000 -0.085656
v 0.037428 0.045000 -0.085822
v 0.036857 0.045000 -0.085923
v 0.036278 0.045000 -0.085956
v 0.037983 0.016000 -0.085656
v 0.036278 0.016000 -0.085956
v 0.036857 0.016000 -0.085923
v 0.037428 0.016000 -0.085822
v 0.037983 0.045000 -0.085656
v 0.037941 0.046113 -0.085539
v 0.037815 0.047169 -0.085191
v 0.037611 0.048117 -0.084631
v 0.037341 0.048909 -0.083887
v 0.037018 0.049505 -0.082996
v 0.036657 0.049875 -0.082002
v 0.036278 0.050000 -0.080956
v 0.037428 0.045000 -0.085822
v 0.036857 0.045000 -0.085923
v 0.036278 0.045000 -0.085956
v 0.036278 0.049875 -0.082069
v 0.036278 0.049505 -0.083126
v 0.036278 0.048909 -0.084074
v 0.036278 0.048117 -0.084865
v 0.036278 0.047169 -0.085461
v 0.036278 0.046113 -0.085831
v -0.036278 0.050000 -0.080956
v -0.036278 0.049875 -0.082069
v -0.036278 0.049505 -0.083126
v -0.036278 0.048909 -0.084074
v -0.036278 0.048117 -0.084865
v -0.036278 0.047169 -0.085461
v -0.036278 0.046113 -0.085831
v -0.036278 0.045000 -0.085956
v 0.036278 0.050000 -0.080956
v 0.036278 0.049875 -0.082069
v 0.036278 0.049505 -0.083126
v 0.036278 0.048909 -0.084074
v 0.036278 0.048117 -0.084865
v 0.036278 0.047169 -0.085461
v 0.036278 0.046113 -0.085831
v 0.036278 0.045000 -0.085956
v -0.036278 0.050000 -0.080956
v -0.036657 0.049875 -0.082002
v -0.037018 0.049505 -0.082996
v -0.037341 0.048909 -0.083887
v -0.037611 0.048117 -0.084631
v -0.037815 0.047169 -0.085191
v -0.037941 0.046113 -0.085539
v -0.037983 0.045000 -0.085656
v -0.036278 0.049875 -0.082069
v -0.036278 0.049505 -0.083126
v -0.036278 0.048909 -0.084074
v -0.036278 0.048117 -0.084865
v -0.036278 0.047169 -0.085461
v -0.036278 0.046113 -0.085831
v -0.036278 0.045000 -0.085956
v -0.037428 0.045000 -0.085822
v -0.036857 0.045000 -0.085923
v -0.037983 0.045000 -0.085656
v -0.037428 0.045000 -0.085822
v -0.036857 0.045000 -0.085923
v -0.036278 0.045000 -0.085956
v -0.036278 0.016000 -0.085956
v -0.037983 0.016000 -0.085656
v -0.037428 0.016000 -0.085822
v -0.036857 0.016000 -0.085923
v 0.070000 0.000000 0.236262
v 0.069875 0.000000 0.237375
v 0.069505 0.000000 0.238431
v 0.068909 0.000000 0.239379
v 0.068117 0.000000 0.240171
v 0.067169 0.000000 0.240767
v 0.066113 0.000000 0.241137
v 0.065000 0.000000 0.241262
v 0.070000 0.016000 0.236262
v 0.065000 0.016000 0.241262
v 0.066113 0.016000 0.241137
v 0.067169 0.016000 0.240767
v 0.068117 0.016000 0.240171
v 0.068909 0.016000 0.239379
v 0.069505 0.016000 0.238431
v 0.069875 0.016000 0.237375
v -0.065000 0.000000 0.241262
v -0.066113 0.000000 0.241137
v -0.067169 0.000000 0.240767
v -0.068117 0.000000 0.240171
v -0.068909 0.000000 0.239379
v -0.069505 0.000000 0.238431
v -0.069875 0.000000 0.237375
v -0.070000 0.000000 0.236262
v -0.065000 0.016000 0.241262
v -0.070000 0.016000 0.236262
v -0.069875 0.016000 0.237375
v -0.069505 0.016000 0.238431
v -0.068909 0.016000 0.239379
v -0.068117 0.016000 0.240171
v -0.067169 0.016000 0.240767
v -0.066113 0.016000 0.241137
v -0.065000 0.016000 -0.228084
v -0.066113 0.016000 -0.227959
v -0.067169 0.016000 -0.227589
v -0.068117 0.016000 -0.226993
v -0.068909 0.016000 -0.226201
v -0.069505 0.016000 -0.225253
v -0.069875 0.016000 -0.224197
v -0.070000 0.016000 -0.223084
v -0.065000 0.000000 -0.228084
v -0.070000 0.000000 -0.223084
v -0.069875 0.000000 -0.224197
v -0.069505 0.000000 -0.225253
v -0.068909 0.000000 -0.226201
v -0.068117 0.000000 -0.226993
v -0.067169 0.000000 -0.227589
v -0.066113 0.000000 -0.227959
v 0.070000 0.016000 -0.223084
v 0.069875 0.016000 -0.224197
v 0.069505 0.016000 -0.225253
v 0.068909 0.016000 -0.226201
v 0.068117 0.016000 -0.226993
v 0.067169 0.016000 -0.227589
v 0.066113 0.016000 -0.227959
v 0.065000 0.016000 -0.228084
v 0.070000 0.000000 -0.223084
v 0.065000 0.000000 -0.228084
v 0.066113 0.000000 -0.227959
v 0.067169 0.000000 -0.227589
v 0.068117 0.000000 -0.226993
v 0.068909 0.000000 -0.226201
v 0.069505 0.000000 -0.225253
v 0.069875 0.000000 -0.224197
v 0.050000 0.014000 -0.208084
v -0.050000 0.014000 -0.208084
v 0.050000 0.014000 -0.108084
v -0.050000 0.014000 -0.108084
v -0.050000 0.014000 0.121262
v -0.050000 0.014000 0.221262
v 0.050000 0.014000 0.221262
v 0.050000 0.014000 0.121262
v 0.054000 0.016000 -0.212084
v 0.052491 0.015767 -0.210575
v 0.051092 0.015067 -0.209176
v 0.050498 0.014569 -0.208582
v 0.050000 0.014000 -0.208084
v -0.054000 0.016000 -0.212084
v -0.050000 0.014000 -0.208084
v -0.050856 0.014888 -0.208940
v -0.051934 0.015553 -0.210018
v -0.052957 0.015890 -0.211041
v -0.050000 0.014000 -0.208084
v -0.050856 0.014888 -0.208940
v -0.051934 0.015553 -0.210018
v -0.052957 0.015890 -0.211041
v -0.054000 0.016000 -0.212084
v -0.054000 0.016000 -0.104084
v -0.050000 0.014000 -0.108084
v -0.050856 0.014888 -0.107228
v -0.051934 0.015553 -0.106150
v -0.052957 0.015890 -0.105127
v 0.054000 0.016000 -0.212084
v 0.052491 0.015767 -0.210575
v 0.051092 0.015067 -0.209176
v 0.050498 0.014569 -0.208582
v 0.050000 0.014000 -0.208084
v 0.050000 0.014000 -0.108084
v 0.054000 0.016000 -0.104084
v 0.052491 0.015767 -0.105593
v 0.051092 0.015067 -0.106992
v 0.050498 0.014569 -0.107586
v -0.050000 0.014000 -0.108084
v -0.050856 0.014888 -0.107228
v -0.051934 0.015553 -0.106150
v -0.052957 0.015890 -0.105127
v -0.054000 0.016000 -0.104084
v 0.054000 0.016000 -0.104084
v 0.052491 0.015767 -0.105593
v 0.051092 0.015067 -0.106992
v 0.050498 0.014569 -0.107586
v 0.050000 0.014000 -0.108084
v -0.054000 0.016000 0.117262
v -0.052491 0.015767 0.118771
v -0.051092 0.015067 0.120170
v -0.050498 0.014569 0.120764
v -0.050000 0.014000 0.121262
v -0.054000 0.016000 0.225262
v -0.050000 0.014000 0.221262
v -0.050856 0.014888 0.222118
v -0.051934 0.015553 0.223196
v -0.052957 0.015890 0.224219
v -0.050000 0.014000 0.221262
v -0.050856 0.014888 0.222118
v -0.051934 0.015553 0.223196
v -0.052957 0.015890 0.224219
v -0.054000 0.016000 0.225262
v 0.054000 0.016000 0.225262
v 0.050000 0.014000 0.221262
v 0.050856 0.014888 0.222118
v 0.051934 0.015553 0.223196
v 0.052957 0.015890 0.224219
v -0.054000 0.016000 0.117262
v -0.052491 0.015767 0.118771
v -0.051092 0.015067 0.120170
v -0.050498 0.014569 0.120764
v -0.050000 0.014000 0.121262
v 0.050000 0.014000 0.121262
v 0.054000 0.016000 0.117262
v 0.052491 0.015767 0.118771
v 0.051092 0.015067 0.120170
v 0.050498 0.014569 0.120764
v 0.050000 0.014000 0.221262
v 0.050856 0.014888 0.222118
v 0.051934 0.015553 0.223196
v 0.052957 0.015890 0.224219
v 0.054000 0.016000 0.225262
v 0.054000 0.016000 0.117262
v 0.052491 0.015767 0.118771
v 0.051092 0.015067 0.120170
v 0.050498 0.014569 0.120764
v 0.050000 0.014000 0.121262
v -0.073294 0.016000 -0.072842
v -0.073294 0.000000 -0.072842
v -0.072207 0.000000 -0.073395
v -0.071286 0.000000 -0.074194
v -0.070586 0.000000 -0.075193
v -0.070149 0.000000 -0.076331
v -0.070000 0.000000 -0.077542
v -0.070000 0.016000 -0.077542
v -0.070149 0.016000 -0.076331
v -0.070586 0.016000 -0.075193
v -0.071286 0.016000 -0.074194
v -0.072207 0.016000 -0.073395
v 0.070000 0.016000 -0.077542
v 0.070000 0.000000 -0.077542
v 0.070149 0.000000 -0.076331
v 0.070586 0.000000 -0.075193
v 0.071286 0.000000 -0.074194
v 0.072207 0.000000 -0.073395
v 0.073294 0.000000 -0.072842
v 0.073294 0.016000 -0.072842
v 0.072207 0.016000 -0.073395
v 0.071286 0.016000 -0.074194
v 0.070586 0.016000 -0.075193
v 0.070149 0.016000 -0.076331
v -0.075000 0.000000 0.101262
v -0.075000 0.016000 0.101262
v -0.073887 0.016000 0.101387
v -0.072831 0.016000 0.101757
v -0.071883 0.016000 0.102353
v -0.071091 0.016000 0.103145
v -0.070495 0.016000 0.104093
v -0.070125 0.016000 0.105149
v -0.070000 0.016000 0.106262
v -0.070000 0.000000 0.106262
v -0.070125 0.000000 0.105149
v -0.070495 0.000000 0.104093
v -0.071091 0.000000 0.103145
v -0.071883 0.000000 0.102353
v -0.072831 0.000000 0.101757
v -0.073887 0.000000 0.101387
v 0.070000 0.000000 0.106262
v 0.070000 0.016000 0.106262
v 0.070125 0.016000 0.105149
v 0.070495 0.016000 0.104093
v 0.071091 0.016000 0.103145
v 0.071883 0.016000 0.102353
v 0.072831 0.016000 0.101757
v 0.073887 0.016000 0.101387
v 0.075000 0.016000 0.101262
v 0.075000 0.000000 0.101262
v 0.073887 0.000000 0.101387
v 0.072831 0.000000 0.101757
v 0.071883 0.000000 0.102353
v 0.071091 0.000000 0.103145
v 0.070495 0.000000 0.104093
v 0.070125 0.000000 0.105149
v 0.110314 0.048000 0.005607
v 0.110489 0.048000 0.005704
v 0.110431 0.048000 0.005672
v 0.110372 0.048000 0.005639
v 0.110314 0.048000 0.005607
v 0.110314 0.048000 0.005607
v 0.110489 0.048000 0.005704
v 0.110314 0.043000 0.005607
v 0.110489 0.043000 0.005704
v 0.104496 0.050000 0.016102
v 0.116326 0.050000 -0.005238
v 0.116761 0.049919 -0.006024
v 0.117027 0.049786 -0.006503
v 0.117284 0.049592 -0.006968
v 0.117284 0.016000 -0.006968
v 0.117101 0.016000 -0.006638
v 0.117101 0.048000 -0.006638
v 0.110314 0.048000 0.005607
v 0.110314 0.048000 0.005607
v 0.110314 0.043000 0.005607
v 0.088498 0.043000 0.044965
v 0.088498 0.048000 0.044965
v 0.086304 0.048000 0.048922
v 0.086304 0.050000 0.048922
v 0.092376 0.050000 0.037968
v -0.098651 0.050000 0.041446
v -0.092376 0.050000 0.037968
v -0.094621 0.053000 0.033972
v -0.094169 0.052913 0.034786
v -0.093716 0.052641 0.035599
v -0.093287 0.052183 0.036364
v -0.092909 0.051562 0.037035
v -0.092602 0.050818 0.037576
v -0.098248 0.053000 0.035983
v -0.098001 0.052974 0.036430
v -0.098164 0.050054 0.041149
v -0.097724 0.050215 0.040818
v -0.097356 0.050469 0.040460
v -0.097083 0.050796 0.040076
v -0.096919 0.051167 0.039670
v -0.096868 0.051548 0.039246
v -0.096918 0.051913 0.038804
v -0.097048 0.052237 0.038353
v -0.097312 0.052591 0.037730
v -0.097639 0.052838 0.037091
v -0.104496 0.050000 0.016102
v -0.110771 0.050000 0.019580
v -0.106173 0.052974 0.021687
v -0.106725 0.052728 0.020717
v -0.107239 0.052296 0.019937
v -0.107755 0.051762 0.019383
v -0.108241 0.051268 0.019091
v -0.108754 0.050816 0.018977
v -0.109268 0.050457 0.019008
v -0.109759 0.050210 0.019131
v -0.110265 0.050054 0.019327
v -0.110519 0.050013 0.019447
v -0.105925 0.053000 0.022134
v -0.102298 0.053000 0.020123
v -0.104284 0.050818 0.016501
v -0.103988 0.051562 0.017048
v -0.103619 0.052183 0.017724
v -0.103197 0.052641 0.018493
v -0.102748 0.052913 0.019309
v 0.110771 0.050000 0.019580
v 0.110261 0.050054 0.019325
v 0.109747 0.050215 0.019127
v 0.109249 0.050469 0.019005
v 0.108779 0.050796 0.018976
v 0.108348 0.051167 0.019053
v 0.107961 0.051548 0.019234
v 0.107613 0.051913 0.019510
v 0.107299 0.052237 0.019860
v 0.106910 0.052591 0.020414
v 0.106542 0.052838 0.021030
v 0.106173 0.052974 0.021687
v 0.104496 0.050000 0.016102
v 0.102298 0.053000 0.020123
v 0.102748 0.052913 0.019309
v 0.103197 0.052641 0.018493
v 0.103619 0.052183 0.017724
v 0.103988 0.051562 0.017048
v 0.104284 0.050818 0.016501
v 0.105925 0.053000 0.022134
v 0.092376 0.050000 0.037968
v 0.092602 0.050818 0.037576
v 0.092909 0.051562 0.037035
v 0.093287 0.052183 0.036364
v 0.093716 0.052641 0.035599
v 0.094169 0.052913 0.034786
v 0.094621 0.053000 0.033972
v 0.098651 0.050000 0.041446
v 0.098001 0.052974 0.036430
v 0.097471 0.052728 0.037412
v 0.097082 0.052296 0.038261
v 0.096886 0.051762 0.038993
v 0.096896 0.051268 0.039559
v 0.097071 0.050816 0.040055
v 0.097369 0.050457 0.040474
v 0.097733 0.050210 0.040825
v 0.098168 0.050054 0.041151
v 0.098404 0.050013 0.041302
v 0.098248 0.053000 0.035983
v 0.117284 0.049592 -0.006968
v 0.117284 0.016000 -0.006968
v 0.117658 0.049257 -0.007498
v 0.118102 0.048845 -0.007908
v 0.118578 0.048379 -0.008202
v 0.119070 0.047872 -0.008394
v 0.119717 0.047161 -0.008508
v 0.120420 0.046322 -0.008470
v 0.120927 0.045665 -0.008335
v 0.121399 0.045000 -0.008117
v 0.121399 0.016000 -0.008117
v 0.117678 0.016000 -0.007520
v 0.118185 0.016000 -0.007969
v 0.118780 0.016000 -0.008293
v 0.119433 0.016000 -0.008476
v 0.120110 0.016000 -0.008507
v 0.120776 0.016000 -0.008385
v -0.110314 0.043000 0.005607
v -0.110489 0.043000 0.005704
v -0.110314 0.048000 0.005607
v -0.110489 0.048000 0.005704
v -0.110314 0.048000 0.005607
v -0.110314 0.048000 0.005607
v -0.110489 0.048000 0.005704
v -0.110431 0.048000 0.005672
v -0.110372 0.048000 0.005639
v -0.117284 0.016000 -0.006968
v -0.117284 0.049592 -0.006968
v -0.116869 0.049873 -0.006219
v -0.116600 0.049968 -0.005733
v -0.116326 0.050000 -0.005238
v -0.104496 0.050000 0.016102
v -0.092376 0.050000 0.037968
v -0.086304 0.050000 0.048922
v -0.086304 0.048000 0.048922
v -0.088498 0.048000 0.044965
v -0.088498 0.043000 0.044965
v -0.110314 0.043000 0.005607
v -0.110314 0.048000 0.005607
v -0.110314 0.048000 0.005607
v -0.117101 0.048000 -0.006638
v -0.117101 0.016000 -0.006638
v -0.083354 0.045000 0.053626
v -0.083354 0.016000 0.053626
v -0.082930 0.045000 0.054640
v -0.082738 0.045000 0.055722
v -0.082787 0.045000 0.056820
v -0.083074 0.045000 0.057880
v -0.083586 0.045000 0.058853
v -0.084299 0.045000 0.059689
v -0.085177 0.045000 0.060350
v -0.085177 0.016000 0.060350
v -0.082930 0.016000 0.054640
v -0.082738 0.016000 0.055722
v -0.082787 0.016000 0.056820
v -0.083074 0.016000 0.057880
v -0.083586 0.016000 0.058853
v -0.084299 0.016000 0.059689
v -0.121399 0.045000 -0.008117
v -0.121399 0.016000 -0.008117
v -0.120353 0.046406 -0.008481
v -0.119294 0.047631 -0.008450
v -0.118500 0.048457 -0.008162
v -0.117867 0.049065 -0.007712
v -0.117554 0.049352 -0.007373
v -0.117284 0.049592 -0.006968
v -0.117284 0.016000 -0.006968
v -0.120776 0.016000 -0.008385
v -0.120110 0.016000 -0.008507
v -0.119433 0.016000 -0.008476
v -0.118780 0.016000 -0.008293
v -0.118185 0.016000 -0.007969
v -0.117678 0.016000 -0.007520
v -0.083354 0.045000 0.053626
v -0.083464 0.046113 0.053686
v -0.083787 0.047169 0.053866
v -0.084308 0.048117 0.054154
v -0.085000 0.048909 0.054538
v -0.085830 0.049505 0.054998
v -0.086754 0.049875 0.055510
v -0.087727 0.050000 0.056050
v -0.086042 0.045000 0.048777
v -0.090415 0.050000 0.051201
v -0.089442 0.049875 0.050661
v -0.088517 0.049505 0.050149
v -0.087688 0.048909 0.049689
v -0.086996 0.048117 0.049306
v -0.086475 0.047169 0.049017
v -0.086151 0.046113 0.048838
v -0.083354 0.045000 0.053626
v -0.082930 0.045000 0.054640
v -0.082738 0.045000 0.055722
v -0.082787 0.045000 0.056820
v -0.083074 0.045000 0.057880
v -0.083586 0.045000 0.058853
v -0.084299 0.045000 0.059689
v -0.085177 0.045000 0.060350
v -0.083464 0.046113 0.053686
v -0.083787 0.047169 0.053866
v -0.084308 0.048117 0.054154
v -0.085000 0.048909 0.054538
v -0.085830 0.049505 0.054998
v -0.086754 0.049875 0.055510
v -0.087727 0.050000 0.056050
v -0.085241 0.046113 0.060243
v -0.085429 0.047169 0.059925
v -0.085733 0.048117 0.059412
v -0.086137 0.048909 0.058731
v -0.086621 0.049505 0.057916
v -0.087160 0.049875 0.057007
v -0.085086 0.047641 0.059374
v -0.086950 0.049908 0.056601
v -0.085042 0.048695 0.058083
v -0.084399 0.046696 0.059374
v -0.085471 0.049428 0.056601
v -0.084032 0.047685 0.058083
v -0.084038 0.045584 0.059374
v -0.084213 0.048514 0.056601
v -0.083383 0.046411 0.058083
v -0.084845 0.048966 0.055067
v -0.083299 0.047256 0.056601
v -0.083761 0.047882 0.055067
v -0.082819 0.045777 0.056601
v -0.083064 0.046515 0.055067
v -0.085177 0.045000 0.060350
v -0.085241 0.046113 0.060243
v -0.085429 0.047169 0.059925
v -0.085733 0.048117 0.059412
v -0.086137 0.048909 0.058731
v -0.086621 0.049505 0.057916
v -0.087160 0.049875 0.057007
v -0.087727 0.050000 0.056050
v -0.112532 0.050000 0.073916
v -0.104622 0.050000 0.067473
v -0.096344 0.050000 0.061511
v -0.109261 0.045000 0.077698
v -0.109343 0.046113 0.077603
v -0.109585 0.047169 0.077323
v -0.109975 0.048117 0.076873
v -0.110493 0.048909 0.076274
v -0.111113 0.049505 0.075557
v -0.111804 0.049875 0.074758
v -0.093543 0.045000 0.065653
v -0.101581 0.045000 0.071442
v -0.095721 0.049875 0.062433
v -0.095129 0.049505 0.063308
v -0.094598 0.048909 0.064093
v -0.094154 0.048117 0.064749
v -0.093821 0.047169 0.065243
v -0.093614 0.046113 0.065549
v -0.103946 0.049875 0.068356
v -0.103303 0.049505 0.069195
v -0.102726 0.048909 0.069948
v -0.102244 0.048117 0.070576
v -0.101882 0.047169 0.071049
v -0.101657 0.046113 0.071343
v -0.109261 0.045000 0.077698
v -0.109343 0.046113 0.077603
v -0.109585 0.047169 0.077323
v -0.109975 0.048117 0.076873
v -0.110493 0.048909 0.076274
v -0.111113 0.049505 0.075557
v -0.111804 0.049875 0.074758
v -0.112532 0.050000 0.073916
v -0.112532 0.050000 0.073916
v -0.116905 0.045000 0.076340
v -0.116796 0.046113 0.076279
v -0.116472 0.047169 0.076100
v -0.115951 0.048117 0.075811
v -0.115259 0.048909 0.075428
v -0.114430 0.049505 0.074968
v -0.113505 0.049875 0.074456
v -0.110175 0.045000 0.078326
v -0.111205 0.045000 0.078737
v -0.112300 0.045000 0.078911
v -0.113407 0.045000 0.078839
v -0.114470 0.045000 0.078525
v -0.115438 0.045000 0.077985
v -0.116264 0.045000 0.077244
v -0.116306 0.046545 0.076810
v -0.115296 0.046545 0.077786
v -0.114046 0.046545 0.078424
v -0.115343 0.047939 0.076825
v -0.112664 0.046545 0.078670
v -0.114372 0.047939 0.077519
v -0.114864 0.049045 0.075705
v -0.111270 0.046545 0.078501
v -0.113240 0.047939 0.077899
v -0.114240 0.049045 0.076308
v -0.109986 0.046545 0.077932
v -0.112046 0.047939 0.077932
v -0.113468 0.049045 0.076702
v -0.113606 0.049755 0.075027
v -0.110894 0.047939 0.077615
v -0.112613 0.049045 0.076854
v -0.113235 0.049755 0.075292
v -0.111752 0.049045 0.076750
v -0.112802 0.049755 0.075437
v -0.110959 0.049045 0.076398
v -0.112347 0.049755 0.075450
v -0.111907 0.049755 0.075329
v -0.109261 0.045000 0.077698
v -0.110175 0.045000 0.078326
v -0.111205 0.045000 0.078737
v -0.112300 0.045000 0.078911
v -0.113407 0.045000 0.078839
v -0.114470 0.045000 0.078525
v -0.115438 0.045000 0.077985
v -0.116264 0.045000 0.077244
v -0.116905 0.045000 0.076340
v -0.116905 0.016000 0.076340
v -0.109261 0.016000 0.077698
v -0.110175 0.016000 0.078326
v -0.111205 0.016000 0.078737
v -0.112300 0.016000 0.078911
v -0.113407 0.016000 0.078839
v -0.114470 0.016000 0.078525
v -0.115438 0.016000 0.077985
v -0.116264 0.016000 0.077244
v 0.116905 0.016000 0.076340
v 0.116264 0.016000 0.077244
v 0.115438 0.016000 0.077985
v 0.114470 0.016000 0.078525
v 0.113407 0.016000 0.078839
v 0.112300 0.016000 0.078911
v 0.111205 0.016000 0.078737
v 0.110175 0.016000 0.078326
v 0.109261 0.016000 0.077698
v 0.116905 0.045000 0.076340
v 0.109261 0.045000 0.077698
v 0.110175 0.045000 0.078326
v 0.111205 0.045000 0.078737
v 0.112300 0.045000 0.078911
v 0.113407 0.045000 0.078839
v 0.114470 0.045000 0.078525
v 0.115438 0.045000 0.077985
v 0.116264 0.045000 0.077244
v 0.109261 0.045000 0.077698
v 0.110175 0.045000 0.078326
v 0.111205 0.045000 0.078737
v 0.112300 0.045000 0.078911
v 0.113407 0.045000 0.078839
v 0.114470 0.045000 0.078525
v 0.115438 0.045000 0.077985
v 0.116264 0.045000 0.077244
v 0.116905 0.045000 0.076340
v 0.112532 0.050000 0.073916
v 0.113505 0.049875 0.074456
v 0.114430 0.049505 0.074968
v 0.115259 0.048909 0.075428
v 0.115951 0.048117 0.075811
v 0.116472 0.047169 0.076100
v 0.116796 0.046113 0.076279
v 0.112532 0.050000 0.073916
v 0.109343 0.046113 0.077603
v 0.109585 0.047169 0.077323
v 0.109975 0.048117 0.076873
v 0.110493 0.048909 0.076274
v 0.111113 0.049505 0.075557
v 0.111804 0.049875 0.074758
v 0.109986 0.046545 0.077932
v 0.111270 0.046545 0.078501
v 0.112664 0.046545 0.078670
v 0.110894 0.047939 0.077615
v 0.114046 0.046545 0.078424
v 0.112046 0.047939 0.077932
v 0.110959 0.049045 0.076398
v 0.115296 0.046545 0.077786
v 0.113240 0.047939 0.077899
v 0.111752 0.049045 0.076750
v 0.116306 0.046545 0.076810
v 0.114372 0.047939 0.077519
v 0.112613 0.049045 0.076854
v 0.111907 0.049755 0.075329
v 0.115343 0.047939 0.076825
v 0.113468 0.049045 0.076702
v 0.112347 0.049755 0.075450
v 0.114240 0.049045 0.076308
v 0.112802 0.049755 0.075437
v 0.114864 0.049045 0.075705
v 0.113235 0.049755 0.075292
v 0.113606 0.049755 0.075027
v 0.085177 0.045000 0.060350
v 0.085241 0.046113 0.060243
v 0.085429 0.047169 0.059925
v 0.085733 0.048117 0.059412
v 0.086137 0.048909 0.058731
v 0.086621 0.049505 0.057916
v 0.087160 0.049875 0.057007
v 0.087727 0.050000 0.056050
v 0.109261 0.045000 0.077698
v 0.101581 0.045000 0.071442
v 0.093543 0.045000 0.065653
v 0.109343 0.046113 0.077603
v 0.109585 0.047169 0.077323
v 0.109975 0.048117 0.076873
v 0.110493 0.048909 0.076274
v 0.111113 0.049505 0.075557
v 0.111804 0.049875 0.074758
v 0.112532 0.050000 0.073916
v 0.096344 0.050000 0.061511
v 0.104622 0.050000 0.067473
v 0.103946 0.049875 0.068356
v 0.103303 0.049505 0.069195
v 0.102726 0.048909 0.069948
v 0.102244 0.048117 0.070576
v 0.101882 0.047169 0.071049
v 0.101657 0.046113 0.071343
v 0.095721 0.049875 0.062433
v 0.095129 0.049505 0.063308
v 0.094598 0.048909 0.064093
v 0.094154 0.048117 0.064749
v 0.093821 0.047169 0.065243
v 0.093614 0.046113 0.065549
v 0.085177 0.045000 0.060350
v 0.084299 0.045000 0.059689
v 0.083586 0.045000 0.058853
v 0.083074 0.045000 0.057880
v 0.082787 0.045000 0.056820
v 0.082738 0.045000 0.055722
v 0.082930 0.045000 0.054640
v 0.083354 0.045000 0.053626
v 0.085241 0.046113 0.060243
v 0.085429 0.047169 0.059925
v 0.085733 0.048117 0.059412
v 0.086137 0.048909 0.058731
v 0.086621 0.049505 0.057916
v 0.087160 0.049875 0.057007
v 0.087727 0.050000 0.056050
v 0.083464 0.046113 0.053686
v 0.083787 0.047169 0.053866
v 0.084308 0.048117 0.054154
v 0.085000 0.048909 0.054538
v 0.085830 0.049505 0.054998
v 0.086754 0.049875 0.055510
v 0.084038 0.045584 0.059374
v 0.084399 0.046696 0.059374
v 0.083383 0.046411 0.058083
v 0.085086 0.047641 0.059374
v 0.082819 0.045777 0.056601
v 0.084032 0.047685 0.058083
v 0.083299 0.047256 0.056601
v 0.085042 0.048695 0.058083
v 0.083064 0.046515 0.055067
v 0.084213 0.048514 0.056601
v 0.086315 0.049344 0.058083
v 0.083761 0.047882 0.055067
v 0.085471 0.049428 0.056601
v 0.084845 0.048966 0.055067
v 0.086950 0.049908 0.056601
v 0.086042 0.045000 0.048777
v 0.086151 0.046113 0.048838
v 0.086475 0.047169 0.049017
v 0.086996 0.048117 0.049306
v 0.087688 0.048909 0.049689
v 0.088517 0.049505 0.050149
v 0.089442 0.049875 0.050661
v 0.090415 0.050000 0.051201
v 0.083354 0.045000 0.053626
v 0.083464 0.046113 0.053686
v 0.083787 0.047169 0.053866
v 0.084308 0.048117 0.054154
v 0.085000 0.048909 0.054538
v 0.085830 0.049505 0.054998
v 0.086754 0.049875 0.055510
v 0.087727 0.050000 0.056050
v -0.061660 0.016000 -0.031013
v -0.061660 0.048000 -0.031013
v -0.061601 0.048000 -0.030575
v -0.061640 0.048000 -0.030135
v -0.061775 0.048000 -0.029713
v -0.061999 0.048000 -0.029332
v -0.062301 0.048000 -0.029010
v -0.062666 0.048000 -0.028761
v -0.063077 0.048000 -0.028599
v -0.063077 0.016000 -0.028599
v -0.062666 0.016000 -0.028761
v -0.062301 0.016000 -0.029010
v -0.061999 0.016000 -0.029332
v -0.061775 0.016000 -0.029713
v -0.061640 0.016000 -0.030135
v -0.061601 0.016000 -0.030575
v 0.063077 0.016000 -0.028599
v 0.063077 0.048000 -0.028599
v 0.062666 0.048000 -0.028761
v 0.062301 0.048000 -0.029010
v 0.061999 0.048000 -0.029332
v 0.061775 0.048000 -0.029713
v 0.061640 0.048000 -0.030135
v 0.061601 0.048000 -0.030575
v 0.061660 0.048000 -0.031013
v 0.061660 0.016000 -0.031013
v 0.061601 0.016000 -0.030575
v 0.061640 0.016000 -0.030135
v 0.061775 0.016000 -0.029713
v 0.061999 0.016000 -0.029332
v 0.062301 0.016000 -0.029010
v 0.062666 0.016000 -0.028761
v 0.059126 0.050000 -0.033140
v 0.057330 0.051487 -0.033594
v 0.055233 0.052497 -0.034099
v 0.053734 0.052872 -0.034446
v 0.052178 0.053000 -0.034792
v 0.061055 0.050000 -0.040877
v 0.054081 0.052974 -0.039439
v 0.056314 0.052538 -0.038969
v 0.058047 0.051810 -0.038777
v 0.059146 0.051169 -0.038900
v 0.059671 0.050822 -0.039094
v 0.060193 0.050465 -0.039438
v 0.060568 0.050219 -0.039840
v 0.060846 0.050063 -0.040297
v 0.060964 0.050016 -0.040580
v 0.053375 0.053000 -0.039595
vn -0.5934 0.2225 -0.7735
vn -0.6087 -0.0000 -0.7934
vn -0.7780 -0.0000 -0.6283
vn -0.8527 0.2225 0.4726
vn -0.9640 -0.0000 0.2658
vn -0.8746 -0.0000 0.4848
vn -0.6800 0.3090 -0.6649
vn -0.5484 0.4339 -0.7148
vn -0.8393 0.3090 -0.4473
vn -0.9038 0.0001 -0.4280
vn -0.9311 0.3090 -0.1937
vn -0.9790 -0.0000 -0.2037
vn -0.9995 0.0001 0.0319
vn -0.6528 0.5878 -0.4779
vn -0.4759 0.6235 -0.6203
vn -0.9481 0.3090 0.0754
vn -0.7607 0.5878 -0.2754
vn -0.4203 0.8090 -0.4109
vn -0.2641 0.9010 -0.3442
vn -0.3795 0.7818 -0.4947
vn -0.8888 0.3090 0.3385
vn -0.7880 0.4339 0.4368
vn -0.8074 0.5878 -0.0508
vn -0.5187 0.8090 -0.2764
vn -0.7892 0.5878 0.1778
vn -0.6838 0.6235 0.3790
vn -0.5755 0.8090 -0.1197
vn -0.2494 0.9511 -0.1825
vn -0.0000 1.0000 -0.0000
vn -0.1355 0.9749 -0.1765
vn -0.5860 0.8090 0.0466
vn -0.2906 0.9511 -0.1052
vn -0.5493 0.8090 0.2092
vn -0.5453 0.7818 0.3023
vn -0.3795 0.9010 0.2103
vn -0.3084 0.9511 -0.0194
vn -0.0451 0.9989 -0.0117
vn -0.3015 0.9510 0.0679
vn -0.1946 0.9749 0.1079
vn -0.5934 0.2225 -0.7736
vn -0.5725 -0.0000 -0.8199
vn -0.5484 0.4339 -0.7149
vn -0.1354 0.9749 -0.1765
vn -0.4843 0.2225 -0.8461
vn -0.4729 0.2813 -0.8350
vn -0.4967 -0.0000 -0.8679
vn -0.4476 0.4339 -0.7819
vn -0.4163 0.5262 -0.7415
vn -0.3884 0.6235 -0.6786
vn -0.3523 0.6914 -0.6308
vn -0.3097 0.7818 -0.5411
vn -0.2832 0.8130 -0.5088
vn -0.2155 0.9010 -0.3766
vn -0.2394 0.8703 -0.4304
vn -0.1922 0.9185 -0.3457
vn -0.1114 0.9745 -0.1946
vn -0.1089 0.9745 -0.1959
vn -0.0549 0.9936 -0.0988
vn -0.5149 0.2225 -0.8279
vn -0.5352 -0.0000 -0.8448
vn -0.4759 0.4339 -0.7650
vn -0.4144 0.6207 -0.6656
vn -0.3293 0.7818 -0.5295
vn -0.2292 0.9010 -0.3684
vn -0.1185 0.9745 -0.1904
vn -0.5548 0.2225 -0.8017
vn -0.5128 0.4339 -0.7408
vn -0.4449 0.6235 -0.6429
vn -0.3548 0.7818 -0.5127
vn -0.2469 0.9010 -0.3568
vn -0.2641 0.9010 -0.3443
vn -0.1277 0.9745 -0.1846
vn -0.9995 -0.0000 0.0319
vn -0.9995 -0.0000 0.0320
vn -0.9038 -0.0000 -0.4280
vn -0.9038 -0.0000 -0.4279
vn 0.8527 0.2225 0.4726
vn 0.8746 -0.0000 0.4848
vn 0.9640 -0.0000 0.2658
vn 0.5934 0.2225 -0.7735
vn 0.7780 -0.0000 -0.6283
vn 0.6087 -0.0000 -0.7934
vn 0.8888 0.3090 0.3385
vn 0.7880 0.4339 0.4368
vn 0.9481 0.3090 0.0754
vn 0.9995 0.0001 0.0319
vn 0.9311 0.3090 -0.1937
vn 0.9790 -0.0000 -0.2037
vn 0.9038 0.0001 -0.4280
vn 0.7892 0.5878 0.1778
vn 0.6838 0.6235 0.3790
vn 0.8393 0.3090 -0.4473
vn 0.8074 0.5878 -0.0508
vn 0.5493 0.8090 0.2092
vn 0.5453 0.7818 0.3023
vn 0.3795 0.9010 0.2103
vn 0.6800 0.3090 -0.6649
vn 0.5484 0.4339 -0.7148
vn 0.7607 0.5878 -0.2754
vn 0.5859 0.8090 0.0466
vn 0.6528 0.5878 -0.4779
vn 0.4759 0.6235 -0.6203
vn 0.5755 0.8090 -0.1197
vn 0.3015 0.9510 0.0679
vn 0.1946 0.9749 0.1079
vn 0.5187 0.8090 -0.2764
vn 0.3084 0.9511 -0.0194
vn 0.4203 0.8090 -0.4109
vn 0.3795 0.7818 -0.4947
vn 0.2641 0.9010 -0.3442
vn 0.2906 0.9511 -0.1052
vn 0.0460 0.9989 -0.0072
vn 0.2494 0.9511 -0.1825
vn 0.1355 0.9749 -0.1765
vn 0.5581 0.2225 -0.7994
vn 0.5725 -0.0000 -0.8199
vn 0.5162 0.4324 -0.7393
vn 0.4476 0.6235 -0.6410
vn 0.3660 0.7689 -0.5242
vn 0.2484 0.9010 -0.3558
vn 0.2641 0.9010 -0.3443
vn -0.0000 1.0000 -0.0001
vn 0.1274 0.9749 -0.1825
vn 0.1354 0.9749 -0.1766
vn 0.5217 0.2225 -0.8236
vn 0.5351 -0.0000 -0.8448
vn 0.4825 0.4324 -0.7617
vn 0.4184 0.6235 -0.6605
vn 0.3428 0.7678 -0.5412
vn 0.2322 0.9010 -0.3665
vn 0.1191 0.9749 -0.1880
vn 0.4843 0.2225 -0.8461
vn 0.4967 -0.0000 -0.8679
vn 0.4905 0.1330 -0.8612
vn 0.4755 0.2645 -0.8390
vn 0.4479 0.4321 -0.7827
vn 0.4426 0.4321 -0.7857
vn 0.3887 0.6232 -0.6786
vn 0.4003 0.5744 -0.7140
vn 0.3176 0.7689 -0.5549
vn 0.3596 0.6758 -0.6434
vn 0.3112 0.7689 -0.5585
vn 0.2156 0.9010 -0.3766
vn 0.2550 0.8515 -0.4583
vn 0.1922 0.9185 -0.3457
vn 0.1405 0.9573 -0.2528
vn 0.1106 0.9749 -0.1931
vn 0.0872 0.9838 -0.1569
vn 0.9038 -0.0000 -0.4279
vn 0.9038 -0.0000 -0.4280
vn 0.9995 -0.0000 0.0320
vn 0.9995 -0.0000 0.0319
vn 0.3411 -0.0000 -0.9400
vn -0.3411 -0.0000 -0.9400
vn -0.0000 -0.0000 1.0000
vn -0.0001 1.0000 -0.0000
vn -0.8527 0.2225 0.4727
vn -0.3795 0.9010 0.2104
vn 0.8527 0.2225 0.4727
vn 0.3795 0.9010 0.2104
vn 0.8746 -0.0000 -0.4848
vn -0.8746 -0.0000 -0.4848
vn -0.5351 -0.0000 -0.8448
vn 0.7524 -0.0000 0.6587
vn 0.5962 -0.0000 0.8028
vn 0.4131 -0.0000 0.9107
vn 0.2113 -0.0000 0.9774
vn -0.2113 -0.0000 0.9774
vn -0.4131 -0.0000 0.9107
vn -0.5962 -0.0000 0.8028
vn -0.7524 -0.0000 0.6587
vn 0.3412 -0.0000 -0.9400
vn 0.5606 -0.0000 -0.8281
vn 0.7460 -0.0000 -0.6659
vn 0.8862 -0.0000 -0.4633
vn 0.9726 -0.0000 -0.2326
vn 0.9999 -0.0000 0.0122
vn 0.9666 -0.0000 0.2563
vn -0.9666 -0.0000 0.2563
vn -0.9999 -0.0000 0.0122
vn -0.9726 -0.0000 -0.2326
vn -0.8862 -0.0000 -0.4633
vn -0.7460 -0.0000 -0.6659
vn -0.5606 -0.0000 -0.8281
vn -0.3412 -0.0000 -0.9400
vn 0.0001 1.0000 -0.0000
vn 0.3393 0.1033 -0.9350
vn 0.3325 0.2225 -0.9165
vn 0.3336 0.2092 -0.9192
vn 0.3112 0.4098 -0.8575
vn 0.3070 0.4339 -0.8471
vn 0.2732 0.5988 -0.7528
vn 0.2668 0.6235 -0.7349
vn 0.2212 0.7614 -0.6094
vn 0.2128 0.7818 -0.5861
vn 0.1587 0.8852 -0.4373
vn 0.1476 0.9010 -0.4079
vn 0.0833 0.9698 -0.2294
vn 0.0757 0.9749 -0.2091
vn -0.2431 -0.0000 0.9700
vn -0.2438 -0.0000 0.9698
vn -0.2425 0.0001 0.9702
vn -0.2419 -0.0000 0.9703
vn -0.2268 -0.0000 0.9739
vn -0.2097 -0.0000 0.9778
vn -0.1926 -0.0000 0.9813
vn -0.1800 -0.0000 0.9837
vn -0.1547 -0.0000 0.9880
vn -0.1674 -0.0001 0.9859
vn -0.1622 -0.0000 0.9868
vn -0.1097 -0.0000 0.9940
vn -0.0814 -0.0000 0.9967
vn -0.0645 -0.0000 0.9979
vn -0.0192 -0.0000 0.9998
vn -0.0064 -0.0001 1.0000
vn 0.0192 -0.0000 0.9998
vn 0.0064 -0.0001 1.0000
vn 0.0814 -0.0000 0.9967
vn 0.0645 -0.0000 0.9979
vn 0.1097 -0.0000 0.9940
vn 0.1547 -0.0000 0.9880
vn 0.1800 -0.0000 0.9837
vn 0.1674 -0.0001 0.9859
vn 0.1622 -0.0000 0.9868
vn 0.1926 -0.0000 0.9813
vn 0.2097 -0.0000 0.9778
vn 0.2419 -0.0000 0.9703
vn 0.2268 -0.0000 0.9739
vn 0.2438 -0.0000 0.9698
vn 0.2425 0.0001 0.9702
vn 0.2428 0.0001 0.9701
vn 0.2431 -0.0000 0.9700
vn -0.0000 -1.0000 -0.0000
vn 0.8746 0.0087 0.4848
vn 0.8746 0.0089 0.4848
vn -0.8746 0.0086 -0.4848
vn -0.8746 0.0087 -0.4848
vn -0.8746 0.0088 -0.4848
vn 0.8746 0.0087 -0.4848
vn 0.8746 0.0088 -0.4848
vn 0.8746 0.0086 -0.4848
vn -0.8746 0.0087 0.4848
vn -0.8746 0.0084 0.4847
vn -0.2198 0.0087 0.9755
vn -0.2419 0.0088 0.9703
vn -0.2345 0.0087 0.9721
vn -0.2260 0.0087 0.9741
vn -0.2135 0.0087 0.9769
vn -0.1622 0.0087 0.9867
vn -0.1287 0.0087 0.9916
vn -0.0814 0.0087 0.9966
vn -0.0430 0.0087 0.9990
vn -0.0000 0.0087 1.0000
vn 0.0430 0.0087 0.9990
vn 0.0814 0.0087 0.9966
vn 0.1287 0.0087 0.9916
vn 0.1622 0.0087 0.9867
vn 0.2135 0.0087 0.9769
vn 0.2371 0.0088 0.9714
vn 0.2229 0.0087 0.9748
vn 0.2318 0.0087 0.9727
vn 0.2419 0.0088 0.9703
vn -0.1290 0.0088 -0.9916
vn -0.1308 0.0087 -0.9914
vn -0.2140 0.0088 -0.9768
vn -0.0431 0.0087 -0.9990
vn -0.0437 0.0088 -0.9990
vn 0.1290 0.0088 -0.9916
vn 0.0437 0.0088 -0.9990
vn 0.0431 0.0087 -0.9990
vn 0.2140 0.0087 -0.9768
vn 0.1308 0.0087 -0.9914
vn 0.2168 0.0087 -0.9762
vn -0.2169 0.0087 -0.9762
vn -0.6456 0.7465 0.1610
vn -0.6715 0.7219 0.1674
vn -0.6929 0.7000 0.1728
vn -0.6868 0.7063 0.1713
vn -0.6914 0.7016 0.1724
vn -0.6045 0.7822 0.1507
vn -0.5758 0.8049 0.1436
vn -0.5597 0.8169 0.1395
vn -0.4591 0.8810 0.1145
vn -0.4452 0.8885 0.1110
vn -0.2914 0.9538 0.0726
vn -0.2287 0.9718 0.0571
vn -0.0702 0.9974 0.0175
vn -0.6928 0.7002 0.1727
vn -0.3393 0.1033 -0.9350
vn -0.3326 0.2225 -0.9164
vn -0.3336 0.2093 -0.9192
vn -0.3112 0.4098 -0.8575
vn -0.3070 0.4339 -0.8471
vn -0.2732 0.5988 -0.7528
vn -0.2668 0.6235 -0.7349
vn -0.2212 0.7614 -0.6094
vn -0.2126 0.7818 -0.5861
vn -0.1587 0.8852 -0.4374
vn -0.1476 0.9010 -0.4079
vn -0.0833 0.9698 -0.2294
vn -0.0757 0.9749 -0.2091
vn 0.1842 0.6104 -0.7704
vn 0.2231 0.1539 -0.9626
vn 0.2135 0.3967 -0.8928
vn 0.1874 0.6104 -0.7696
vn 0.1244 0.8449 -0.5202
vn 0.1640 0.7260 -0.6679
vn 0.1284 0.8450 -0.5192
vn 0.0870 0.9271 -0.3646
vn 0.0904 0.9271 -0.3638
vn 0.0475 0.9789 -0.1988
vn 0.0494 0.9789 -0.1984
vn 0.0250 0.9946 -0.1004
vn 0.1991 0.3967 -0.8961
vn 0.2169 0.0087 -0.9762
vn 0.1717 0.6104 -0.7733
vn 0.1160 0.8450 -0.5221
vn 0.0813 0.9271 -0.3659
vn 0.0443 0.9789 -0.1997
vn 0.0867 0.8449 -0.5278
vn 0.1308 0.0088 -0.9914
vn 0.0608 0.9271 -0.3699
vn 0.0332 0.9789 -0.2018
vn 0.1200 0.3967 -0.9101
vn 0.1036 0.6104 -0.7853
vn 0.0699 0.8450 -0.5302
vn 0.0490 0.9271 -0.3716
vn 0.0267 0.9789 -0.2028
vn 0.0435 0.8449 -0.5331
vn 0.0305 0.9271 -0.3736
vn 0.0166 0.9789 -0.2038
vn 0.0401 0.3967 -0.9171
vn 0.0346 0.6104 -0.7914
vn 0.0234 0.8450 -0.5343
vn 0.0164 0.9271 -0.3745
vn 0.0089 0.9789 -0.2043
vn -0.0000 0.8449 -0.5349
vn -0.0000 0.9272 -0.3747
vn -0.0000 0.9789 -0.2045
vn -0.0401 0.3967 -0.9171
vn -0.0346 0.6104 -0.7913
vn -0.0234 0.8450 -0.5343
vn -0.0164 0.9271 -0.3745
vn -0.0089 0.9789 -0.2043
vn -0.0435 0.8449 -0.5331
vn -0.1308 0.0088 -0.9914
vn -0.0305 0.9271 -0.3736
vn -0.0166 0.9789 -0.2038
vn -0.1201 0.3967 -0.9101
vn -0.1036 0.6104 -0.7853
vn -0.0699 0.8450 -0.5302
vn -0.0490 0.9271 -0.3716
vn -0.0267 0.9789 -0.2028
vn -0.0867 0.8449 -0.5278
vn -0.0609 0.9271 -0.3699
vn -0.0332 0.9789 -0.2018
vn -0.1991 0.3967 -0.8961
vn -0.2231 0.1539 -0.9626
vn -0.1718 0.6104 -0.7732
vn -0.1160 0.8450 -0.5221
vn -0.2073 0.3967 -0.8942
vn -0.2135 0.3968 -0.8927
vn -0.0813 0.9271 -0.3660
vn -0.0443 0.9789 -0.1996
vn -0.1789 0.6104 -0.7717
vn -0.1207 0.8449 -0.5211
vn -0.0849 0.9270 -0.3653
vn -0.0462 0.9789 -0.1992
vn -0.1265 0.8450 -0.5197
vn -0.1874 0.6104 -0.7696
vn -0.1640 0.7260 -0.6679
vn -0.1284 0.8450 -0.5192
vn -0.0887 0.9271 -0.3642
vn -0.0904 0.9271 -0.3638
vn -0.0484 0.9789 -0.1987
vn -0.0494 0.9789 -0.1984
vn -0.0250 0.9946 -0.1004
vn 0.8733 0.0542 0.4841
vn 0.8710 0.0907 0.4828
vn 0.8664 0.1365 0.4803
vn 0.8502 0.2347 0.4713
vn 0.8152 0.3623 0.4519
vn 0.8459 0.2543 0.4689
vn 0.7967 0.4125 0.4416
vn 0.7654 0.4838 0.4243
vn 0.7142 0.5772 0.3959
vn 0.6924 0.6109 0.3838
vn 0.5995 0.7282 0.3323
vn 0.5934 0.7346 0.3289
vn 0.4641 0.8476 0.2573
vn 0.3251 0.9283 0.1802
vn 0.4694 0.8438 0.2602
vn 0.3216 0.9299 0.1783
vn 0.1660 0.9818 0.0920
vn 0.1647 0.9821 0.0913
vn 0.0831 0.9955 0.0460
vn -0.8746 0.0088 0.4848
vn -0.8733 0.0542 0.4841
vn -0.8710 0.0906 0.4828
vn -0.8664 0.1364 0.4803
vn -0.8502 0.2347 0.4713
vn -0.8152 0.3623 0.4519
vn -0.8459 0.2543 0.4689
vn -0.7967 0.4125 0.4416
vn -0.7654 0.4838 0.4243
vn -0.7142 0.5772 0.3959
vn -0.6924 0.6110 0.3838
vn -0.5995 0.7282 0.3323
vn -0.5934 0.7346 0.3289
vn -0.4641 0.8476 0.2573
vn -0.3251 0.9284 0.1802
vn -0.4694 0.8438 0.2602
vn -0.3216 0.9299 0.1783
vn -0.1660 0.9818 0.0920
vn -0.1647 0.9821 0.0913
vn -0.0830 0.9955 0.0460
vn -0.9703 -0.0000 0.2419
vn -0.9704 -0.0000 0.2417
vn -0.9703 -0.0000 0.2420
vn 0.9703 -0.0000 0.2419
vn 0.9704 -0.0000 0.2417
vn 0.9703 -0.0000 0.2420
vn -0.8920 -0.0000 0.4520
vn -0.7689 -0.0000 0.6394
vn -0.6071 -0.0000 0.7946
vn -0.4148 -0.0000 0.9099
vn -0.2017 -0.0000 0.9795
vn -0.2017 -0.0000 0.9794
vn 0.0216 -0.0000 0.9998
vn 0.4848 -0.0000 0.8746
vn -0.7242 -0.0000 0.6896
vn -0.8568 -0.0000 0.5156
vn -0.5568 -0.0000 0.8307
vn -0.3627 -0.0000 0.9319
vn -0.1512 -0.0000 0.9885
vn 0.0674 -0.0000 0.9977
vn 0.2829 -0.0000 0.9591
vn -0.4848 -0.0000 0.8746
vn -0.2829 -0.0000 0.9591
vn -0.0674 -0.0000 0.9977
vn 0.1512 -0.0000 0.9885
vn 0.3627 -0.0000 0.9319
vn 0.5568 -0.0000 0.8307
vn 0.7242 -0.0000 0.6896
vn 0.8568 -0.0000 0.5156
vn 0.9985 -0.0000 0.0551
vn 0.9572 -0.0000 0.2894
vn 0.9832 -0.0000 -0.1824
vn 0.9123 -0.0000 -0.4095
vn 0.7898 -0.0000 -0.6134
vn 0.7897 -0.0000 -0.6134
vn 0.6225 -0.0000 -0.7826
vn 0.4200 -0.0000 -0.9075
vn 0.1937 -0.0000 -0.9811
vn -0.0436 -0.0000 -0.9991
vn -0.2784 -0.0000 -0.9605
vn -0.4974 -0.0000 -0.8675
vn -0.6883 -0.0000 -0.7255
vn -0.8402 -0.0000 -0.5423
vn -0.9445 -0.0000 -0.3285
vn 0.8402 -0.0000 -0.5423
vn 0.9445 -0.0000 -0.3285
vn 0.6883 -0.0000 -0.7255
vn 0.4974 -0.0000 -0.8675
vn 0.2784 -0.0000 -0.9605
vn 0.0436 -0.0000 -0.9991
vn -0.1937 -0.0000 -0.9811
vn -0.4200 -0.0000 -0.9075
vn -0.6225 -0.0000 -0.7826
vn -0.7897 -0.0000 -0.6134
vn -0.7898 -0.0000 -0.6134
vn -0.9123 -0.0000 -0.4095
vn -0.9832 -0.0000 -0.1824
vn -0.9985 -0.0000 0.0551
vn -0.9572 -0.0000 0.2894
vn 0.4848 -0.0000 -0.8746
vn -0.2614 -0.0000 0.9652
vn -0.0228 -0.0000 0.9997
vn 0.2171 -0.0000 0.9762
vn 0.4444 -0.0000 0.8958
vn 0.6459 -0.0000 0.7634
vn 0.8098 -0.0000 0.5867
vn 0.9267 -0.0000 0.3759
vn 0.9897 -0.0000 0.1432
vn 0.9952 -0.0000 -0.0978
vn 0.9429 -0.0000 -0.3332
vn 0.8357 -0.0000 -0.5491
vn 0.6800 -0.0000 -0.7332
vn 0.9977 -0.0000 -0.0671
vn 0.9848 -0.0000 0.1736
vn 0.9527 -0.0000 -0.3039
vn 0.8523 -0.0000 -0.5231
vn 0.7023 -0.0000 -0.7118
vn 0.5116 -0.0000 -0.8592
vn 0.2911 -0.0000 -0.9567
vn 0.0537 -0.0000 -0.9986
vn -0.1868 -0.0000 -0.9824
vn -0.1869 -0.0000 -0.9824
vn -0.4165 -0.0000 -0.9091
vn -0.6220 -0.0000 -0.7830
vn -0.7913 -0.0000 -0.6114
vn -0.9146 -0.0000 -0.4043
vn -0.9848 -0.0000 -0.1737
vn -0.9848 -0.0000 -0.1736
vn -0.6800 -0.0000 -0.7332
vn -0.4848 -0.0000 -0.8746
vn -0.8357 -0.0000 -0.5491
vn -0.9429 -0.0000 -0.3332
vn -0.9952 -0.0000 -0.0979
vn -0.9952 -0.0000 -0.0978
vn -0.9897 -0.0000 0.1432
vn -0.9267 -0.0000 0.3759
vn -0.8098 -0.0000 0.5867
vn -0.6459 -0.0000 0.7634
vn -0.4444 -0.0000 0.8958
vn -0.2171 -0.0000 0.9762
vn 0.0228 -0.0000 0.9997
vn 0.2614 -0.0000 0.9652
vn 0.9848 -0.0000 -0.1737
vn 0.9146 -0.0000 -0.4043
vn 0.7913 -0.0000 -0.6114
vn 0.6220 -0.0000 -0.7830
vn 0.4165 -0.0000 -0.9091
vn 0.1869 -0.0000 -0.9824
vn 0.1868 -0.0000 -0.9824
vn -0.0537 -0.0000 -0.9986
vn -0.2911 -0.0000 -0.9567
vn -0.5116 -0.0000 -0.8592
vn -0.7023 -0.0000 -0.7118
vn -0.8523 -0.0000 -0.5231
vn -0.9527 -0.0000 -0.3039
vn -0.9977 -0.0000 -0.0671
vn -0.9848 -0.0000 0.1736
vn 0.9848 -0.0000 -0.1736
vn 0.9709 -0.0000 -0.2393
vn 1.0000 -0.0000 -0.0000
vn 0.8855 -0.0000 -0.4647
vn 0.7485 -0.0000 -0.6631
vn 0.5681 -0.0000 -0.8230
vn 0.3546 -0.0000 -0.9350
vn 0.1205 -0.0000 -0.9927
vn -0.1205 -0.0000 -0.9927
vn -0.3546 -0.0000 -0.9350
vn -0.5681 -0.0000 -0.8230
vn -0.7485 -0.0000 -0.6631
vn -0.8855 -0.0000 -0.4647
vn -0.9709 -0.0000 -0.2393
vn -1.0000 -0.0000 -0.0000
vn 0.2312 -0.0000 0.9729
vn 0.3429 -0.0000 0.9394
vn 0.1164 -0.0000 0.9932
vn -0.1164 -0.0000 0.9932
vn -0.2312 -0.0000 0.9729
vn -0.3429 -0.0000 0.9394
vn -0.5601 -0.0000 0.8284
vn -0.5100 -0.0000 0.8602
vn -0.6083 -0.0000 0.7937
vn -0.6543 -0.0000 0.7563
vn 0.6083 -0.0000 0.7937
vn 0.6543 -0.0000 0.7563
vn 0.5601 -0.0000 0.8284
vn 0.5100 -0.0000 0.8602
vn -0.0216 -0.0000 0.9998
vn 0.2017 -0.0000 0.9794
vn 0.2017 -0.0000 0.9795
vn 0.4148 -0.0000 0.9099
vn 0.6071 -0.0000 0.7946
vn 0.7689 -0.0000 0.6394
vn 0.8920 -0.0000 0.4520
vn -0.4865 -0.0000 0.8737
vn -0.4860 -0.0000 0.8740
vn -0.4811 -0.0000 0.8766
vn -0.4867 -0.0000 0.8736
vn -0.4755 -0.0000 0.8797
vn -0.4699 -0.0000 0.8827
vn -0.4642 -0.0000 0.8857
vn -0.4586 -0.0000 0.8887
vn -0.4529 -0.0000 0.8916
vn -0.4472 -0.0000 0.8945
vn -0.4862 -0.0000 0.8739
vn -0.4034 -0.0000 0.9150
vn -0.4414 -0.0000 0.8973
vn -0.4357 -0.0000 0.9001
vn -0.4299 -0.0000 0.9029
vn -0.4241 -0.0000 0.9056
vn -0.4183 -0.0000 0.9083
vn -0.4125 -0.0000 0.9109
vn -0.4067 -0.0000 0.9136
vn -0.4009 0.0001 0.9161
vn -0.3950 -0.0000 0.9187
vn -0.3891 -0.0000 0.9212
vn -0.3832 -0.0000 0.9237
vn -0.3773 -0.0000 0.9261
vn -0.3713 -0.0000 0.9285
vn -0.3654 -0.0000 0.9308
vn -0.3594 -0.0000 0.9332
vn -0.3173 -0.0000 0.9483
vn -0.3535 -0.0000 0.9354
vn -0.3475 -0.0000 0.9377
vn -0.3415 -0.0000 0.9399
vn -0.3355 -0.0000 0.9421
vn -0.3294 -0.0000 0.9442
vn -0.3234 -0.0000 0.9463
vn -0.3113 -0.0000 0.9503
vn -0.3052 -0.0000 0.9523
vn -0.2991 -0.0000 0.9542
vn -0.2930 -0.0000 0.9561
vn -0.2869 -0.0000 0.9580
vn -0.2807 -0.0000 0.9598
vn -0.2746 -0.0000 0.9616
vn -0.2286 -0.0000 0.9735
vn -0.2684 -0.0000 0.9633
vn -0.2623 -0.0000 0.9650
vn -0.2561 -0.0000 0.9667
vn -0.2499 -0.0000 0.9683
vn -0.2437 -0.0000 0.9699
vn -0.2375 -0.0000 0.9714
vn -0.2313 -0.0000 0.9729
vn -0.2249 -0.0001 0.9744
vn -0.2188 -0.0000 0.9758
vn -0.2126 -0.0000 0.9771
vn -0.2063 -0.0000 0.9785
vn -0.2001 -0.0000 0.9798
vn -0.1938 -0.0000 0.9810
vn -0.1875 -0.0000 0.9823
vn -0.1812 -0.0000 0.9834
vn -0.1380 -0.0000 0.9904
vn -0.1749 -0.0000 0.9846
vn -0.1686 -0.0000 0.9857
vn -0.1623 -0.0000 0.9867
vn -0.1560 -0.0000 0.9878
vn -0.1497 -0.0000 0.9887
vn -0.1433 0.0001 0.9897
vn -0.1370 -0.0000 0.9906
vn -0.1307 -0.0000 0.9914
vn -0.1244 -0.0000 0.9922
vn -0.1180 -0.0000 0.9930
vn -0.1117 -0.0000 0.9937
vn -0.1053 -0.0000 0.9944
vn -0.0989 -0.0000 0.9951
vn -0.0926 -0.0000 0.9957
vn -0.0461 -0.0000 0.9989
vn -0.0862 -0.0000 0.9963
vn -0.0798 -0.0000 0.9968
vn -0.0735 -0.0000 0.9973
vn -0.0671 -0.0000 0.9977
vn -0.0607 -0.0000 0.9982
vn -0.0543 -0.0000 0.9985
vn -0.0481 -0.0001 0.9988
vn -0.0415 -0.0001 0.9991
vn -0.0352 -0.0000 0.9994
vn -0.0288 -0.0000 0.9996
vn -0.0224 -0.0000 0.9997
vn -0.0160 -0.0000 0.9999
vn -0.0096 -0.0000 1.0000
vn -0.0032 -0.0000 1.0000
vn 0.0461 -0.0000 0.9989
vn 0.0032 -0.0000 1.0000
vn 0.0096 -0.0000 1.0000
vn 0.0160 -0.0000 0.9999
vn 0.0224 -0.0000 0.9997
vn 0.0288 -0.0000 0.9996
vn 0.0352 -0.0000 0.9994
vn 0.0415 -0.0001 0.9991
vn 0.0481 -0.0001 0.9988
vn 0.0543 -0.0000 0.9985
vn 0.0607 -0.0000 0.9982
vn 0.0671 -0.0000 0.9977
vn 0.0735 -0.0000 0.9973
vn 0.0798 -0.0000 0.9968
vn 0.0862 -0.0000 0.9963
vn 0.0926 -0.0000 0.9957
vn 0.1380 -0.0000 0.9904
vn 0.1307 -0.0000 0.9914
vn 0.1244 -0.0000 0.9922
vn 0.1370 -0.0000 0.9906
vn 0.1433 0.0001 0.9897
vn 0.1497 -0.0000 0.9887
vn 0.1560 -0.0000 0.9878
vn 0.1623 -0.0000 0.9867
vn 0.1686 -0.0000 0.9857
vn 0.1749 -0.0000 0.9846
vn 0.1812 -0.0000 0.9834
vn 0.0989 -0.0000 0.9951
vn 0.1053 -0.0000 0.9944
vn 0.1117 -0.0000 0.9937
vn 0.1180 -0.0000 0.9930
vn 0.2286 -0.0000 0.9735
vn 0.1875 -0.0000 0.9823
vn 0.1938 -0.0000 0.9810
vn 0.2001 -0.0000 0.9798
vn 0.2063 -0.0000 0.9785
vn 0.2126 -0.0000 0.9771
vn 0.2188 -0.0000 0.9758
vn 0.2249 -0.0001 0.9744
vn 0.2313 -0.0000 0.9729
vn 0.2375 -0.0000 0.9714
vn 0.2437 -0.0000 0.9699
vn 0.2499 -0.0000 0.9683
vn 0.2561 -0.0000 0.9667
vn 0.2623 -0.0000 0.9650
vn 0.2684 -0.0000 0.9633
vn 0.2746 -0.0000 0.9616
vn 0.3173 -0.0000 0.9483
vn 0.2807 -0.0000 0.9598
vn 0.2869 -0.0000 0.9580
vn 0.2930 -0.0000 0.9561
vn 0.2991 -0.0000 0.9542
vn 0.3052 -0.0000 0.9523
vn 0.3113 -0.0000 0.9503
vn 0.3234 -0.0000 0.9463
vn 0.3294 -0.0000 0.9442
vn 0.3355 -0.0000 0.9421
vn 0.3415 -0.0000 0.9399
vn 0.3475 -0.0000 0.9377
vn 0.3535 -0.0000 0.9354
vn 0.3594 -0.0000 0.9332
vn 0.4034 -0.0000 0.9150
vn 0.3654 -0.0000 0.9308
vn 0.3713 -0.0000 0.9285
vn 0.3773 -0.0000 0.9261
vn 0.3832 -0.0000 0.9237
vn 0.3891 -0.0000 0.9212
vn 0.3950 -0.0000 0.9187
vn 0.4009 0.0001 0.9161
vn 0.4067 -0.0000 0.9136
vn 0.4125 -0.0000 0.9109
vn 0.4183 -0.0000 0.9083
vn 0.4241 -0.0000 0.9056
vn 0.4299 -0.0000 0.9029
vn 0.4357 -0.0000 0.9001
vn 0.4414 -0.0000 0.8973
vn 0.4472 -0.0000 0.8945
vn 0.4860 -0.0000 0.8740
vn 0.4529 -0.0000 0.8916
vn 0.4586 -0.0000 0.8887
vn 0.4642 -0.0000 0.8857
vn 0.4699 -0.0000 0.8827
vn 0.4755 -0.0000 0.8797
vn 0.4811 -0.0000 0.8766
vn 0.4867 -0.0000 0.8736
vn 0.4862 -0.0000 0.8739
vn 0.4865 -0.0000 0.8737
vn 0.3952 -0.0000 -0.9186
vn 0.3000 -0.0000 -0.9539
vn 0.4862 -0.0000 -0.8738
vn 0.2017 -0.0000 -0.9794
vn 0.1014 -0.0000 -0.9948
vn -0.0000 -0.0000 -1.0000
vn -0.1014 -0.0000 -0.9948
vn -0.2017 -0.0000 -0.9794
vn -0.3000 -0.0000 -0.9539
vn -0.3952 -0.0000 -0.9186
vn -0.4862 -0.0000 -0.8738
vn -0.2618 -0.0000 -0.9651
vn -0.2644 -0.0000 -0.9644
vn -0.2670 -0.0000 -0.9637
vn -0.2696 -0.0000 -0.9630
vn -0.2697 -0.0000 -0.9629
vn -0.3478 -0.0000 -0.9376
vn -0.3949 -0.0000 -0.9187
vn -0.4410 -0.0000 -0.8975
vn -0.4859 -0.0000 -0.8740
vn 0.4410 -0.0000 -0.8975
vn 0.4859 -0.0000 -0.8740
vn 0.3949 -0.0000 -0.9187
vn 0.3478 -0.0000 -0.9376
vn 0.2670 -0.0000 -0.9637
vn 0.2696 -0.0000 -0.9630
vn 0.2697 -0.0000 -0.9629
vn 0.2644 -0.0000 -0.9644
vn 0.2618 -0.0000 -0.9651
vn -0.6856 -0.0000 0.7280
vn -0.5101 -0.0000 0.8601
vn -0.8281 -0.0000 0.5606
vn -0.9306 -0.0000 0.3661
vn -0.9881 -0.0000 0.1540
vn -0.9978 -0.0000 -0.0656
vn -0.9594 -0.0000 -0.2820
vn 0.2697 -0.0000 -0.9630
vn 0.4798 -0.0000 -0.8774
vn 0.6652 -0.0000 -0.7467
vn 0.8164 -0.0000 -0.5776
vn 0.8163 -0.0000 -0.5776
vn 0.9255 -0.0000 -0.3787
vn 0.9871 -0.0000 -0.1604
vn 0.9978 -0.0000 0.0662
vn 0.1276 -0.0000 -0.9918
vn -0.0992 -0.0000 -0.9951
vn -0.3210 -0.0000 -0.9471
vn -0.5262 -0.0000 -0.8504
vn -0.7043 -0.0000 -0.7099
vn -0.8462 -0.0000 -0.5329
vn -0.2697 -0.0000 -0.9630
vn -0.4798 -0.0000 -0.8774
vn -0.6652 -0.0000 -0.7467
vn -0.8164 -0.0000 -0.5776
vn -0.8163 -0.0000 -0.5776
vn -0.9255 -0.0000 -0.3787
vn -0.9871 -0.0000 -0.1604
vn -0.9978 -0.0000 0.0662
vn -0.1276 -0.0000 -0.9918
vn 0.0992 -0.0000 -0.9951
vn 0.3210 -0.0000 -0.9471
vn 0.5262 -0.0000 -0.8504
vn 0.7043 -0.0000 -0.7099
vn 0.8462 -0.0000 -0.5329
vn 0.8988 -0.0000 0.4384
vn -0.4384 -0.0000 0.8988
vn -0.8988 -0.0000 -0.4384
vn 0.4384 -0.0000 -0.8988
vn -0.9976 -0.0000 0.0698
vn -0.0698 -0.0000 -0.9976
vn 0.9976 -0.0000 -0.0698
vn 0.0698 -0.0000 0.9976
vn 0.9511 -0.0000 0.3090
vn -0.3090 -0.0000 0.9511
vn -0.9511 -0.0000 -0.3090
vn 0.3090 -0.0000 -0.9511
vn -0.9613 -0.0000 -0.2756
vn 0.2756 -0.0000 -0.9613
vn 0.9613 -0.0000 0.2756
vn -0.2756 -0.0000 0.9613
vn 0.9272 -0.0000 0.3746
vn -0.3746 -0.0000 0.9272
vn -0.9272 -0.0000 -0.3746
vn 0.3746 -0.0000 -0.9272
vn -0.9976 -0.0000 -0.0698
vn 0.0698 -0.0000 -0.9976
vn 0.9976 -0.0000 0.0698
vn -0.0698 -0.0000 0.9976
vn 0.9945 -0.0000 -0.1045
vn 0.1045 -0.0000 0.9945
vn -0.9945 -0.0000 0.1045
vn -0.1045 -0.0000 -0.9945
vn -0.9903 -0.0000 0.1392
vn -0.1392 -0.0000 -0.9903
vn 0.9903 -0.0000 -0.1392
vn 0.1392 -0.0000 0.9903
vn 0.9994 -0.0000 -0.0349
vn 0.0349 -0.0000 0.9994
vn -0.9994 -0.0000 0.0349
vn -0.0349 -0.0000 -0.9994
vn -0.2079 -0.0000 0.9781
vn -0.9781 -0.0000 -0.2079
vn 0.2079 -0.0000 -0.9781
vn 0.9781 -0.0000 0.2079
vn 0.9703 -0.0000 -0.2419
vn -0.2419 -0.0000 -0.9703
vn -0.9613 -0.0000 0.2756
vn -0.2756 -0.0000 -0.9613
vn 0.9613 -0.0000 -0.2756
vn 0.2756 -0.0000 0.9613
vn 0.1736 -0.0000 0.9848
vn -0.1736 -0.0000 -0.9848
vn -0.9397 -0.0000 -0.3420
vn 0.3420 -0.0000 -0.9397
vn 0.9397 -0.0000 0.3420
vn -0.3420 -0.0000 0.9397
vn 0.1736 -0.0000 -0.9848
vn -0.1736 -0.0000 0.9848
vn -0.9903 -0.0000 -0.1392
vn 0.1392 -0.0000 -0.9903
vn 0.9903 -0.0000 0.1392
vn -0.1392 -0.0000 0.9903
vn -0.9703 -0.0000 -0.2419
vn 0.2419 -0.0000 -0.9703
vn -0.0349 -0.0000 0.9994
vn -0.9994 -0.0000 -0.0349
vn 0.0349 -0.0000 -0.9994
vn 0.9994 -0.0000 0.0349
vn 0.9945 -0.0000 0.1045
vn -0.1045 -0.0000 0.9945
vn -0.9945 -0.0000 -0.1045
vn 0.1045 -0.0000 -0.9945
vn 0.8988 -0.0000 -0.4384
vn 0.4384 -0.0000 0.8988
vn -0.8988 -0.0000 0.4384
vn -0.4384 -0.0000 -0.8988
vn -0.9135 -0.0000 -0.4067
vn 0.4067 -0.0000 -0.9135
vn 0.9135 -0.0000 0.4067
vn -0.4067 -0.0000 0.9135
vn -0.9397 -0.0000 0.3420
vn -0.3420 -0.0000 -0.9397
vn 0.9397 -0.0000 -0.3420
vn 0.3420 -0.0000 0.9397
vn -0.9135 -0.0000 0.4067
vn -0.4067 -0.0000 -0.9135
vn 0.9135 -0.0000 -0.4067
vn 0.4067 -0.0000 0.9135
vn 0.9511 -0.0000 -0.3090
vn 0.3090 -0.0000 0.9511
vn -0.9511 -0.0000 0.3090
vn -0.3090 -0.0000 -0.9511
vn 0.9272 -0.0000 -0.3746
vn 0.3746 -0.0000 0.9272
vn -0.9272 -0.0000 0.3746
vn -0.3746 -0.0000 -0.9272
vn 0.1737 -0.0000 0.9848
vn -0.9781 -0.0000 0.2079
vn -0.2079 -0.0000 -0.9781
vn 0.9781 -0.0000 -0.2079
vn 0.2079 -0.0000 0.9781
vn 0.1199 -0.0000 0.9928
vn -0.1095 -0.0000 0.9940
vn -0.3331 -0.0000 0.9429
vn -0.5391 -0.0000 0.8422
vn -0.7168 -0.0000 0.6972
vn -0.1199 -0.0000 0.9928
vn 0.1095 -0.0000 0.9940
vn 0.3331 -0.0000 0.9429
vn 0.5391 -0.0000 0.8422
vn 0.7168 -0.0000 0.6972
vn 0.2300 -0.0000 -0.9732
vn 0.1158 -0.0000 -0.9933
vn -0.0000 0.2225 -0.9749
vn 0.1158 0.0001 -0.9933
vn 0.3326 0.2225 -0.9165
vn -0.0000 0.4339 -0.9010
vn 0.3073 0.4339 -0.8469
vn 0.2667 0.6235 -0.7349
vn -0.0000 0.6235 -0.7818
vn 0.2127 0.7818 -0.5861
vn -0.0000 0.7818 -0.6235
vn 0.1480 0.9010 -0.4079
vn -0.0000 0.9010 -0.4339
vn 0.0759 0.9749 -0.2092
vn -0.0000 0.9749 -0.2225
vn -0.3326 0.2225 -0.9165
vn -0.2300 -0.0000 -0.9732
vn -0.1158 -0.0000 -0.9933
vn -0.3073 0.4339 -0.8469
vn -0.2667 0.6235 -0.7349
vn -0.2127 0.7818 -0.5861
vn -0.1480 0.9010 -0.4079
vn -0.0759 0.9749 -0.2092
vn 0.2225 -0.0000 0.9749
vn 0.4339 -0.0000 0.9010
vn 0.6235 -0.0000 0.7818
vn 0.7818 -0.0000 0.6235
vn 0.9010 -0.0000 0.4339
vn 0.9749 -0.0000 0.2225
vn -0.9749 -0.0000 0.2225
vn -0.9010 -0.0000 0.4339
vn -0.7818 -0.0000 0.6235
vn -0.6235 -0.0000 0.7818
vn -0.4339 -0.0000 0.9010
vn -0.2225 -0.0000 0.9749
vn -0.9749 -0.0000 -0.2225
vn -0.9010 -0.0000 -0.4339
vn -0.7818 -0.0000 -0.6235
vn -0.6235 -0.0000 -0.7818
vn -0.4339 -0.0000 -0.9010
vn -0.2225 -0.0000 -0.9749
vn 0.2225 -0.0000 -0.9749
vn 0.4339 -0.0000 -0.9010
vn 0.6235 -0.0000 -0.7818
vn 0.7818 -0.0000 -0.6235
vn 0.9010 -0.0000 -0.4339
vn 0.9749 -0.0000 -0.2225
vn -0.0000 0.6000 0.8000
vn -0.0000 0.7138 0.7003
vn -0.0000 0.7776 0.6288
vn -0.0000 0.8135 0.5816
vn -0.0000 0.9107 0.4131
vn -0.0000 0.9534 0.3018
vn -0.0000 0.9780 0.2085
vn 0.6288 0.7776 -0.0000
vn 0.8000 0.6000 -0.0000
vn 0.4131 0.9107 -0.0000
vn 0.2085 0.9780 -0.0000
vn -0.7003 0.7138 -0.0000
vn -0.8000 0.6000 -0.0000
vn -0.5816 0.8135 -0.0000
vn -0.3018 0.9534 -0.0000
vn -0.0000 0.7138 -0.7003
vn -0.0000 0.6000 -0.8000
vn -0.0000 0.7776 -0.6288
vn -0.0000 0.8135 -0.5816
vn -0.0000 0.9107 -0.4131
vn -0.0000 0.9534 -0.3018
vn -0.0000 0.9780 -0.2085
vn 0.3018 0.9534 -0.0000
vn 0.5816 0.8135 -0.0000
vn 0.7003 0.7138 -0.0000
vn -0.2085 0.9780 -0.0000
vn -0.4131 0.9107 -0.0000
vn -0.6288 0.7776 -0.0000
vn -0.9702 -0.0000 -0.2421
vn -0.9703 -0.0000 -0.2421
vn -0.8828 -0.0000 -0.4698
vn -0.7428 -0.0000 -0.6696
vn -0.7428 -0.0000 -0.6695
vn -0.5586 -0.0000 -0.8295
vn 0.9702 -0.0000 -0.2421
vn 0.9703 -0.0000 -0.2421
vn 0.8828 -0.0000 -0.4698
vn 0.7428 -0.0000 -0.6696
vn 0.7428 -0.0000 -0.6695
vn 0.5586 -0.0000 -0.8295
vn -0.8746 -0.0000 -0.4849
vn 0.4420 0.4109 0.7974
vn 0.4443 0.4000 0.8016
vn 0.4346 0.4430 0.7841
vn 0.4216 0.4937 0.7606
vn 0.4019 0.5592 0.7251
vn 0.4005 0.5635 0.7225
vn 0.3751 0.6334 0.6768
vn 0.3402 0.7125 0.6137
vn 0.3416 0.7097 0.6162
vn 0.3018 0.7826 0.5445
vn 0.2656 0.8367 0.4790
vn 0.2574 0.8474 0.4644
vn 0.1921 0.9181 0.3466
vn 0.1805 0.9281 0.3256
vn 0.1226 0.9675 0.2211
vn 0.0902 0.9825 0.1627
vn 0.0495 0.9948 0.0894
vn -0.4443 0.4000 -0.8016
vn -0.4222 0.4915 -0.7617
vn -0.4006 0.5631 -0.7228
vn -0.4349 0.4420 -0.7845
vn -0.4420 0.4107 -0.7975
vn -0.4438 0.4027 -0.8006
vn -0.4005 0.5635 -0.7225
vn -0.3669 0.6537 -0.6619
vn -0.3402 0.7125 -0.6137
vn -0.3193 0.7525 -0.5760
vn -0.2656 0.8367 -0.4790
vn -0.2480 0.8592 -0.4475
vn -0.1805 0.9281 -0.3256
vn -0.1577 0.9456 -0.2844
vn -0.0902 0.9825 -0.1628
vn -0.0495 0.9948 -0.0894
vn 0.4420 0.4109 -0.7974
vn 0.4443 0.4000 -0.8016
vn 0.4347 0.4430 -0.7841
vn 0.4216 0.4937 -0.7606
vn 0.4019 0.5592 -0.7251
vn 0.4005 0.5635 -0.7225
vn 0.3752 0.6334 -0.6768
vn 0.3402 0.7125 -0.6137
vn 0.3415 0.7097 -0.6162
vn 0.3018 0.7826 -0.5445
vn 0.2656 0.8367 -0.4790
vn 0.2574 0.8474 -0.4643
vn 0.1921 0.9181 -0.3466
vn 0.1805 0.9281 -0.3256
vn 0.1226 0.9675 -0.2212
vn 0.0902 0.9825 -0.1627
vn 0.0495 0.9948 -0.0894
vn -0.4443 0.4000 0.8016
vn -0.4222 0.4914 0.7617
vn -0.4006 0.5631 0.7228
vn -0.4349 0.4421 0.7845
vn -0.4420 0.4107 0.7975
vn -0.4438 0.4027 0.8006
vn -0.4005 0.5635 0.7225
vn -0.3669 0.6537 0.6618
vn -0.3402 0.7125 0.6137
vn -0.3193 0.7525 0.5760
vn -0.2656 0.8367 0.4790
vn -0.2480 0.8592 0.4475
vn -0.1805 0.9281 0.3256
vn -0.1576 0.9456 0.2845
vn -0.0902 0.9825 0.1627
vn -0.0495 0.9948 0.0894
vn -0.7501 -0.0000 -0.6614
vn -0.7435 -0.0002 -0.6687
vn -0.6023 -0.0000 -0.7983
vn -0.5744 0.0001 -0.8185
vn -0.4435 -0.0000 -0.8963
vn -0.3761 -0.0001 -0.9266
vn -0.2796 -0.0000 -0.9601
vn -0.1586 -0.0002 -0.9873
vn -0.0638 -0.0000 -0.9980
vn 0.0671 -0.0001 -0.9977
vn 0.1706 -0.0000 -0.9853
vn 0.2893 -0.0001 -0.9572
vn 0.3396 -0.0000 -0.9406
vn 0.8746 -0.0001 -0.4848
vn 0.9594 -0.0000 -0.2820
vn 0.9978 -0.0000 -0.0656
vn 0.9881 -0.0000 0.1540
vn 0.9306 -0.0000 0.3661
vn 0.8281 -0.0000 0.5606
vn 0.6856 -0.0000 0.7280
vn 0.5101 -0.0000 0.8601
vn -0.2893 -0.0000 -0.9573
vn -0.1481 -0.0000 -0.9890
vn -0.0667 -0.0000 -0.9978
vn 0.2046 -0.0000 -0.9788
vn 0.1586 -0.0000 -0.9873
vn 0.3761 -0.0001 -0.9266
vn 0.4695 -0.0000 -0.8829
vn 0.5745 -0.0000 -0.8185
vn 0.6803 -0.0000 -0.7329
vn 0.7435 -0.0002 -0.6687
vn 0.7848 -0.0000 -0.6197
vn 0.8527 0.2225 -0.4727
vn 0.7880 0.4339 -0.4368
vn 0.6838 0.6235 -0.3790
vn 0.5453 0.7818 -0.3023
vn 0.3795 0.9010 -0.2104
vn 0.1946 0.9749 -0.1079
vn 0.4973 0.2225 0.8386
vn 0.8527 0.2225 -0.4726
vn 0.5282 0.5282 0.6648
vn 0.3988 0.6235 0.6725
vn 0.4596 0.4339 0.7750
vn 0.1555 0.9817 0.1103
vn 0.1947 0.9749 -0.1078
vn 0.1135 0.9749 0.1914
vn 0.5370 0.7391 0.4067
vn 0.3180 0.7818 0.5363
vn 0.2213 0.9010 0.3732
vn 0.6656 0.3391 0.6648
vn 0.4512 0.8856 0.1103
vn 0.3795 0.9010 -0.2103
vn 0.7391 0.5370 0.4067
vn 0.7378 0.1169 0.6648
vn 0.7028 0.7028 0.1102
vn 0.8688 0.2823 0.4067
vn 0.5763 0.7932 -0.1965
vn 0.5453 0.7818 -0.3022
vn 0.8856 0.4512 0.1103
vn 0.7932 0.5763 -0.1965
vn 0.9817 0.1555 0.1103
vn 0.9325 0.3030 -0.1965
vn 0.1456 0.9749 0.1683
vn 0.1246 0.9749 0.1843
vn 0.2430 0.9010 0.3594
vn 0.3493 0.7818 0.5165
vn 0.4379 0.6235 0.6476
vn 0.5046 0.4340 0.7463
vn 0.4595 0.4339 0.7750
vn 0.5460 0.2230 0.8075
vn 0.1353 0.9749 0.1766
vn 0.2639 0.9010 0.3444
vn 0.2838 0.9010 0.3282
vn 0.3792 0.7819 0.4948
vn 0.4079 0.7818 0.4716
vn 0.4756 0.6235 0.6206
vn 0.5115 0.6235 0.5913
vn 0.5480 0.4340 0.7151
vn 0.5894 0.4339 0.6814
vn 0.5930 0.2227 0.7738
vn 0.6378 0.2225 0.7373
vn 0.6542 -0.0000 0.7563
vn -0.7462 0.0001 0.6657
vn 0.4715 0.0001 0.8819
vn -0.7546 0.3090 0.5788
vn -0.5528 0.3090 0.7740
vn -0.5812 -0.0000 0.8138
vn -0.3875 -0.0000 0.9219
vn -0.3027 0.3090 0.9016
vn -0.1748 -0.0000 0.9846
vn -0.5622 0.5878 0.5817
vn -0.6838 0.6235 0.3791
vn -0.0261 0.3089 0.9507
vn 0.0465 -0.0000 0.9989
vn -0.3679 0.5878 0.7206
vn -0.4664 0.8090 0.3577
vn 0.2525 0.3090 0.9169
vn 0.2655 -0.0000 0.9641
vn -0.1414 0.5878 0.7966
vn -0.3416 0.8090 0.4783
vn 0.5092 0.3090 0.8033
vn 0.0973 0.5878 0.8032
vn -0.1871 0.8090 0.5572
vn -0.2147 0.9511 0.2222
vn 0.3276 0.5878 0.7397
vn -0.0162 0.8090 0.5875
vn -0.1405 0.9511 0.2752
vn 0.1561 0.8090 0.5667
vn -0.0540 0.9510 0.3043
vn -0.0023 0.9981 0.0608
vn 0.3147 0.8090 0.4964
vn 0.0372 0.9510 0.3068
vn 0.1251 0.9511 0.2825
vn 0.4715 -0.0000 0.8819
vn -0.7463 -0.0000 0.6657
vn 0.7463 -0.0000 0.6657
vn 0.5812 -0.0000 0.8138
vn 0.3875 -0.0000 0.9219
vn 0.1748 -0.0000 0.9846
vn -0.0465 -0.0000 0.9989
vn -0.2655 -0.0000 0.9641
vn -0.4715 -0.0000 0.8819
vn -0.6542 -0.0000 0.7563
vn -0.6378 0.2225 0.7373
vn -0.4715 0.0001 0.8819
vn 0.7462 0.0001 0.6657
vn -0.5092 0.3090 0.8033
vn -0.5894 0.4339 0.6814
vn -0.2525 0.3090 0.9169
vn 0.0262 0.3090 0.9507
vn -0.3276 0.5878 0.7397
vn -0.5115 0.6235 0.5913
vn 0.3027 0.3090 0.9016
vn -0.0973 0.5878 0.8032
vn -0.3147 0.8090 0.4964
vn -0.4079 0.7818 0.4716
vn -0.2838 0.9010 0.3282
vn 0.5527 0.3090 0.7739
vn 0.1414 0.5878 0.7966
vn -0.1561 0.8090 0.5667
vn 0.7546 0.3090 0.5788
vn 0.3679 0.5878 0.7206
vn 0.0162 0.8090 0.5875
vn -0.1251 0.9511 0.2825
vn -0.1456 0.9749 0.1683
vn 0.5622 0.5878 0.5817
vn 0.6838 0.6235 0.3791
vn 0.1871 0.8090 0.5572
vn -0.0372 0.9510 0.3068
vn 0.3416 0.8090 0.4783
vn 0.0540 0.9511 0.3042
vn 0.0188 0.9981 0.0579
vn 0.4664 0.8090 0.3577
vn 0.1405 0.9511 0.2752
vn 0.2147 0.9511 0.2222
vn -0.1353 0.9749 0.1766
vn -0.1455 0.9749 0.1683
vn -0.2639 0.9010 0.3444
vn -0.4079 0.7818 0.4715
vn -0.2839 0.9010 0.3281
vn -0.3792 0.7819 0.4949
vn -0.4755 0.6236 0.6205
vn -0.5480 0.4340 0.7151
vn -0.5929 0.2230 0.7738
vn -0.6083 0.0001 0.7937
vn -0.1246 0.9749 0.1843
vn -0.1135 0.9749 0.1914
vn -0.2430 0.9010 0.3594
vn -0.2213 0.9010 0.3732
vn -0.3492 0.7819 0.5165
vn -0.3180 0.7818 0.5363
vn -0.4379 0.6235 0.6477
vn -0.3988 0.6235 0.6725
vn -0.5046 0.4340 0.7463
vn -0.4595 0.4339 0.7750
vn -0.5461 0.2227 0.8076
vn -0.4972 0.2225 0.8386
vn -0.4973 0.2225 0.8386
vn -0.8527 0.2225 -0.4726
vn -0.7378 0.1169 0.6648
vn -0.6656 0.3391 0.6648
vn -0.4596 0.4339 0.7750
vn -0.8688 0.2823 0.4067
vn -0.5282 0.5282 0.6648
vn -0.9817 0.1555 0.1103
vn -0.7391 0.5370 0.4068
vn -0.8856 0.4512 0.1102
vn -0.5370 0.7391 0.4067
vn -0.9325 0.3030 -0.1965
vn -0.7880 0.4339 -0.4368
vn -0.7028 0.7028 0.1102
vn -0.2823 0.8688 0.4067
vn -0.7932 0.5763 -0.1965
vn -0.6838 0.6235 -0.3790
vn -0.4512 0.8856 0.1103
vn -0.1947 0.9749 -0.1078
vn -0.3795 0.9010 -0.2103
vn -0.5763 0.7932 -0.1965
vn -0.5453 0.7818 -0.3022
vn -0.1555 0.9817 0.1103
vn -0.1946 0.9749 -0.1079
vn -0.3795 0.9010 -0.2104
vn -0.5453 0.7818 -0.3023
vn -0.8527 0.2225 -0.4727
vn -0.4674 -0.0000 -0.8841
vn -0.2617 -0.0000 -0.9651
vn -0.6501 -0.0000 -0.7598
vn -0.8012 -0.0000 -0.5985
vn -0.8012 -0.0000 -0.5984
vn -0.9131 -0.0000 -0.4078
vn -0.9803 -0.0000 -0.1973
vn -0.9997 -0.0000 0.0229
vn 0.9997 -0.0000 0.0229
vn 0.9803 -0.0000 -0.1973
vn 0.9131 -0.0000 -0.4078
vn 0.8012 -0.0000 -0.5984
vn 0.8012 -0.0000 -0.5985
vn 0.6501 -0.0000 -0.7598
vn 0.4674 -0.0000 -0.8841
vn 0.2617 -0.0000 -0.9651
vn 0.6929 0.7000 0.1728
vn 0.6045 0.7822 0.1507
vn 0.5597 0.8169 0.1395
vn 0.6456 0.7465 0.1610
vn 0.6715 0.7219 0.1674
vn 0.6868 0.7063 0.1712
vn 0.6914 0.7016 0.1724
vn 0.5132 0.8487 0.1279
vn 0.4591 0.8810 0.1145
vn 0.3039 0.9497 0.0758
vn 0.2914 0.9538 0.0727
vn 0.1547 0.9872 0.0386
vn 0.0702 0.9974 0.0175
vn 0.6930 0.6999 0.1728
s 1
usemtl mat_0.001
f 21//1 7//2 6//3
f 14//4 2//5 1//6
f 22//7 20//8 21//1
f 22//7 21//1 6//3
f 23//9 6//3 5//10
f 23//9 22//7 6//3
f 23//9 20//8 22//7
f 24//11 4//12 3//13
f 24//11 5//10 4//12
f 24//11 23//9 5//10
f 25//14 19//15 20//8
f 25//14 20//8 23//9
f 26//16 3//13 2//5
f 26//16 24//11 3//13
f 27//17 25//14 23//9
f 27//17 23//9 24//11
f 28//18 17//19 18//20
f 28//18 18//20 19//15
f 28//18 19//15 25//14
f 29//21 14//4 13//22
f 29//21 13//22 26//16
f 29//21 2//5 14//4
f 29//21 26//16 2//5
f 30//23 27//17 24//11
f 30//23 24//11 26//16
f 31//24 25//14 27//17
f 31//24 17//19 28//18
f 31//24 28//18 25//14
f 32//25 13//22 12//26
f 32//25 26//16 13//22
f 32//25 30//23 26//16
f 33//27 27//17 30//23
f 33//27 31//24 27//17
f 34//28 15//29 16//30
f 34//28 16//30 17//19
f 34//28 17//19 31//24
f 35//31 30//23 32//25
f 35//31 33//27 30//23
f 36//32 31//24 33//27
f 36//32 15//29 34//28
f 36//32 34//28 31//24
f 37//33 11//34 10//35
f 37//33 12//26 11//34
f 37//33 32//25 12//26
f 37//33 10//35 35//31
f 37//33 35//31 32//25
f 38//36 8//37 15//29
f 38//36 15//29 36//32
f 38//36 33//27 35//31
f 38//36 36//32 33//27
f 39//38 9//39 8//37
f 39//38 10//35 9//39
f 39//38 35//31 10//35
f 39//38 8//37 38//36
f 39//38 38//36 35//31
f 46//40 60//41 47//2
f 45//42 60//41 46//40
f 44//15 60//41 45//42
f 40//29 50//29 41//43
f 62//44 55//45 54//46
f 63//47 56//48 55//45
f 63//47 55//45 62//44
f 64//49 57//50 56//48
f 64//49 56//48 63//47
f 65//51 58//52 57//50
f 65//51 57//50 64//49
f 66//53 59//54 58//52
f 66//53 51//55 59//54
f 66//53 58//52 65//51
f 67//56 49//29 48//29
f 67//56 52//57 51//55
f 67//56 53//58 52//57
f 67//56 48//29 53//58
f 67//56 51//55 66//53
f 68//59 54//46 61//60
f 68//59 62//44 54//46
f 69//61 63//47 62//44
f 69//61 62//44 68//59
f 69//61 68//59 61//60
f 70//62 63//47 69//61
f 70//62 64//49 63//47
f 70//62 65//51 64//49
f 70//62 69//61 61//60
f 71//63 70//62 61//60
f 71//63 65//51 70//62
f 72//64 66//53 65//51
f 72//64 65//51 71//63
f 73//65 67//56 66//53
f 73//65 49//29 67//56
f 73//65 66//53 72//64
f 74//66 61//60 60//41
f 75//67 61//60 74//66
f 75//67 74//66 60//41
f 76//68 60//41 44//15
f 76//68 75//67 60//41
f 76//68 61//60 75//67
f 77//69 44//15 43//20
f 77//69 76//68 44//15
f 77//69 71//63 61//60
f 77//69 72//64 71//63
f 77//69 61//60 76//68
f 78//70 43//20 42//71
f 78//70 77//69 43//20
f 78//70 72//64 77//69
f 79//72 42//71 41//43
f 79//72 50//29 49//29
f 79//72 78//70 42//71
f 79//72 49//29 73//65
f 79//72 41//43 50//29
f 79//72 73//65 72//64
f 79//72 72//64 78//70
f 81//6 80//6 82//5
f 93//5 82//5 83//73
f 93//5 81//6 82//5
f 92//74 83//73 84//12
f 92//74 93//5 83//73
f 91//12 84//12 85//75
f 91//12 92//74 84//12
f 90//76 85//75 86//3
f 90//76 91//12 85//75
f 89//3 86//3 87//2
f 89//3 90//76 86//3
f 88//2 89//3 87//2
f 109//77 100//78 99//79
f 101//80 95//81 94//82
f 115//83 110//84 109//77
f 115//83 109//77 99//79
f 116//85 99//79 98//86
f 116//85 115//83 99//79
f 116//85 110//84 115//83
f 117//87 97//88 96//89
f 117//87 98//86 97//88
f 117//87 116//85 98//86
f 118//90 111//91 110//84
f 118//90 110//84 116//85
f 119//92 96//89 95//81
f 119//92 117//87 96//89
f 120//93 118//90 116//85
f 120//93 116//85 117//87
f 121//94 112//95 111//91
f 121//94 113//96 112//95
f 121//94 111//91 118//90
f 122//97 101//80 102//98
f 122//97 102//98 119//92
f 122//97 95//81 101//80
f 122//97 119//92 95//81
f 123//99 120//93 117//87
f 123//99 117//87 119//92
f 124//100 113//96 121//94
f 124//100 121//94 118//90
f 124//100 118//90 120//93
f 125//101 102//98 103//102
f 125//101 119//92 102//98
f 125//101 123//99 119//92
f 126//103 120//93 123//99
f 126//103 124//100 120//93
f 127//104 114//105 113//96
f 127//104 108//29 114//105
f 127//104 113//96 124//100
f 128//106 123//99 125//101
f 128//106 126//103 123//99
f 129//107 108//29 127//104
f 129//107 124//100 126//103
f 129//107 127//104 124//100
f 130//108 103//102 104//109
f 130//108 104//109 105//110
f 130//108 125//101 103//102
f 130//108 105//110 128//106
f 130//108 128//106 125//101
f 131//111 107//112 108//29
f 131//111 108//29 129//107
f 131//111 126//103 128//106
f 131//111 129//107 126//103
f 132//113 105//110 106//114
f 132//113 106//114 107//112
f 132//113 107//112 131//111
f 132//113 128//106 105//110
f 132//113 131//111 128//106
f 157//115 134//80 133//82
f 157//115 133//82 143//116
f 158//117 135//98 134//80
f 158//117 134//80 157//115
f 159//118 136//102 135//98
f 159//118 135//98 158//117
f 160//119 137//109 136//102
f 160//119 136//102 159//118
f 161//120 138//121 137//109
f 161//120 137//109 160//119
f 161//120 160//119 155//122
f 162//123 139//124 138//121
f 162//123 140//29 139//124
f 162//123 155//122 140//29
f 162//123 138//121 161//120
f 162//123 161//120 155//122
f 163//125 143//116 142//126
f 163//125 157//115 143//116
f 164//127 157//115 163//125
f 164//127 158//117 157//115
f 165//128 159//118 158//117
f 165//128 158//117 164//127
f 166//129 160//119 159//118
f 166//129 155//122 160//119
f 166//129 159//118 165//128
f 166//129 165//128 156//29
f 167//130 155//122 166//129
f 167//130 166//129 156//29
f 168//131 156//29 155//122
f 168//131 167//130 156//29
f 168//131 155//122 167//130
f 169//132 142//126 141//133
f 169//132 151//134 150//135
f 169//132 141//133 151//134
f 169//132 163//125 142//126
f 170//136 150//135 149//137
f 170//136 164//127 163//125
f 170//136 163//125 169//132
f 170//136 169//132 150//135
f 170//136 165//128 164//127
f 171//138 149//137 148//139
f 171//138 156//29 165//128
f 171//138 170//136 149//137
f 171//138 165//128 170//136
f 172//140 147//141 146//142
f 172//140 148//139 147//141
f 172//140 171//138 148//139
f 172//140 156//29 171//138
f 173//143 145//144 144//145
f 173//143 146//142 145//144
f 173//143 144//145 154//146
f 173//143 172//140 146//142
f 173//143 156//29 172//140
f 174//147 153//148 152//29
f 174//147 154//146 153//148
f 174//147 152//29 156//29
f 174//147 173//143 154//146
f 174//147 156//29 173//143
f 176//82 175//82 177//81
f 188//81 177//81 178//149
f 188//81 176//82 177//81
f 187//150 178//149 179//88
f 187//150 188//81 178//149
f 186//88 179//88 180//151
f 186//88 187//150 179//88
f 185//152 180//151 181//79
f 185//152 186//88 180//151
f 184//79 185//152 181//79
f 183//78 181//79 182//78
f 183//78 184//79 181//79
s 0
f 209//29 212//29 211//29
f 209//29 213//29 212//29
f 209//29 214//29 213//29
f 209//29 215//29 214//29
f 209//29 216//29 215//29
f 209//29 210//29 216//29
f 219//29 208//29 209//29
f 219//29 209//29 211//29
f 218//29 205//29 206//29
f 218//29 206//29 207//29
f 218//29 207//29 208//29
f 218//29 208//29 219//29
f 204//29 205//29 218//29
f 203//29 204//29 218//29
f 202//29 203//29 218//29
f 202//29 218//29 217//29
f 202//29 217//29 220//29
f 202//29 220//29 221//29
f 230//29 202//29 221//29
f 230//29 221//29 222//29
f 230//29 222//29 223//29
f 230//29 223//29 224//29
f 230//29 224//29 225//29
f 230//29 225//29 226//29
f 230//29 226//29 227//29
f 229//29 202//29 230//29
f 248//29 250//29 249//29
f 237//29 250//29 248//29
f 244//29 246//29 245//29
f 241//29 246//29 244//29
f 241//29 243//29 242//29
f 241//29 244//29 243//29
f 241//29 247//29 246//29
f 239//29 241//29 240//29
f 239//29 248//29 247//29
f 239//29 247//29 241//29
f 238//29 237//29 248//29
f 238//29 248//29 239//29
f 238//29 236//29 237//29
f 251//29 236//29 238//29
f 252//29 235//29 236//29
f 252//29 236//29 251//29
f 253//29 235//29 252//29
f 253//29 233//29 234//29
f 253//29 234//29 235//29
f 254//29 233//29 253//29
f 255//29 232//29 233//29
f 255//29 233//29 254//29
f 195//29 189//29 193//29
f 195//29 193//29 194//29
f 197//29 195//29 196//29
f 197//29 189//29 195//29
f 199//29 190//29 189//29
f 199//29 191//29 190//29
f 199//29 192//29 191//29
f 199//29 197//29 198//29
f 199//29 256//29 192//29
f 199//29 189//29 197//29
f 201//29 256//29 199//29
f 201//29 202//29 229//29
f 201//29 229//29 228//29
f 201//29 228//29 231//29
f 201//29 231//29 232//29
f 201//29 232//29 255//29
f 201//29 255//29 256//29
f 200//29 201//29 199//29
f 287//29 286//29 285//29
f 288//29 284//29 283//29
f 288//29 285//29 284//29
f 288//29 287//29 285//29
f 265//29 262//29 263//29
f 265//29 263//29 264//29
f 260//29 261//29 262//29
f 260//29 262//29 265//29
f 258//29 259//29 260//29
f 258//29 260//29 265//29
f 258//29 268//29 267//29
f 258//29 265//29 268//29
f 266//29 258//29 267//29
f 278//29 280//29 279//29
f 278//29 281//29 280//29
f 278//29 282//29 281//29
f 278//29 283//29 282//29
f 269//29 258//29 266//29
f 276//29 278//29 277//29
f 276//29 283//29 278//29
f 276//29 275//29 288//29
f 276//29 288//29 283//29
f 289//29 274//29 275//29
f 289//29 275//29 276//29
f 290//29 273//29 274//29
f 290//29 274//29 289//29
f 291//29 272//29 273//29
f 291//29 273//29 290//29
f 292//29 271//29 272//29
f 292//29 272//29 291//29
f 293//29 270//29 271//29
f 293//29 271//29 292//29
f 299//29 297//29 296//29
f 300//29 297//29 299//29
f 301//29 297//29 300//29
f 302//29 297//29 301//29
f 303//29 297//29 302//29
f 304//29 297//29 303//29
f 324//29 257//29 258//29
f 324//29 269//29 270//29
f 324//29 258//29 269//29
f 324//29 270//29 293//29
f 324//29 293//29 294//29
f 324//29 294//29 295//29
f 324//29 295//29 298//29
f 316//29 308//29 307//29
f 316//29 311//29 310//29
f 316//29 312//29 311//29
f 316//29 313//29 312//29
f 316//29 314//29 313//29
f 316//29 315//29 314//29
f 316//29 307//29 315//29
f 317//29 309//29 308//29
f 317//29 308//29 316//29
f 318//29 309//29 317//29
f 319//29 309//29 318//29
f 323//29 298//29 297//29
f 323//29 304//29 305//29
f 323//29 305//29 306//29
f 323//29 306//29 309//29
f 323//29 297//29 304//29
f 323//29 324//29 298//29
f 320//29 309//29 319//29
f 322//29 323//29 309//29
f 321//29 309//29 320//29
f 321//29 322//29 309//29
f 327//153 326//153 325//153
f 327//153 328//153 326//153
f 331//154 330//154 329//154
f 332//154 331//154 329//154
f 334//155 336//155 335//155
f 333//155 334//155 335//155
f 504//29 337//29 518//29
f 338//29 337//29 504//29
f 505//29 518//29 337//29
f 506//29 505//29 337//29
f 503//29 338//29 504//29
f 501//29 338//29 503//29
f 501//29 513//29 512//29
f 501//29 514//29 513//29
f 501//29 515//29 514//29
f 501//29 516//29 515//29
f 501//29 517//29 516//29
f 501//29 503//29 517//29
f 349//29 506//29 337//29
f 349//29 507//29 506//29
f 349//29 508//29 507//29
f 349//29 509//29 508//29
f 349//29 510//29 509//29
f 349//29 511//29 510//29
f 349//29 512//29 511//29
f 502//29 512//29 349//29
f 502//29 501//29 512//29
f 500//29 502//29 349//29
f 483//29 349//29 348//29
f 482//29 500//29 349//29
f 482//29 349//29 483//29
f 484//29 483//29 348//29
f 481//29 500//29 482//29
f 485//29 484//29 348//29
f 496//29 497//29 498//29
f 494//29 500//29 481//29
f 494//29 498//29 499//29
f 494//29 499//29 500//29
f 494//29 496//29 498//29
f 495//156 496//156 494//156
f 486//29 485//29 348//29
f 487//29 486//29 348//29
f 488//29 487//29 348//29
f 489//29 488//29 348//29
f 490//29 489//29 348//29
f 477//29 478//29 479//29
f 476//29 479//29 480//29
f 476//29 477//29 479//29
f 474//29 475//29 476//29
f 474//29 476//29 480//29
f 471//29 474//29 480//29
f 472//29 471//29 480//29
f 473//29 480//29 493//29
f 473//29 472//29 480//29
f 347//29 491//29 490//29
f 347//29 492//29 491//29
f 347//29 493//29 492//29
f 347//29 490//29 348//29
f 470//29 473//29 493//29
f 469//29 493//29 347//29
f 469//29 470//29 493//29
f 468//29 469//29 347//29
f 467//29 468//29 347//29
f 466//29 467//29 347//29
f 459//29 460//29 463//29
f 458//29 459//29 463//29
f 457//29 458//29 463//29
f 456//29 457//29 463//29
f 456//29 463//29 464//29
f 455//29 464//29 465//29
f 455//29 456//29 464//29
f 454//29 466//29 347//29
f 454//29 465//29 466//29
f 454//29 455//29 465//29
f 441//29 347//29 442//29
f 443//29 442//29 347//29
f 440//29 347//29 441//29
f 444//29 443//29 347//29
f 439//29 454//29 347//29
f 439//29 347//29 440//29
f 445//29 444//29 347//29
f 453//29 454//29 439//29
f 452//29 453//29 439//29
f 346//29 446//29 445//29
f 346//29 447//29 446//29
f 346//29 448//29 447//29
f 346//29 449//29 448//29
f 346//29 445//29 347//29
f 450//29 449//29 346//29
f 451//29 450//29 346//29
f 438//29 451//29 346//29
f 436//29 437//29 438//29
f 436//29 438//29 346//29
f 345//29 436//29 346//29
f 435//29 436//29 345//29
f 425//29 424//29 345//29
f 423//29 345//29 424//29
f 426//29 425//29 345//29
f 422//29 345//29 423//29
f 427//29 426//29 345//29
f 421//29 435//29 345//29
f 421//29 345//29 422//29
f 428//29 427//29 345//29
f 344//29 429//29 428//29
f 344//29 430//29 429//29
f 344//29 431//29 430//29
f 344//29 428//29 345//29
f 432//29 431//29 344//29
f 433//29 432//29 344//29
f 434//29 435//29 421//29
f 420//29 433//29 344//29
f 418//29 420//29 344//29
f 418//29 419//29 420//29
f 406//29 343//29 407//29
f 408//29 407//29 343//29
f 405//29 343//29 406//29
f 409//29 408//29 343//29
f 404//29 343//29 405//29
f 410//29 409//29 343//29
f 403//29 343//29 404//29
f 417//29 344//29 343//29
f 417//29 418//29 344//29
f 417//29 343//29 403//29
f 342//29 410//29 343//29
f 342//29 411//29 410//29
f 342//29 412//29 411//29
f 342//29 413//29 412//29
f 414//29 413//29 342//29
f 415//29 414//29 342//29
f 402//29 415//29 342//29
f 416//29 417//29 403//29
f 400//29 401//29 402//29
f 365//29 342//29 341//29
f 365//29 341//29 366//29
f 367//29 366//29 341//29
f 364//29 342//29 365//29
f 368//29 367//29 341//29
f 363//29 342//29 364//29
f 369//29 368//29 341//29
f 362//29 342//29 363//29
f 399//29 402//29 342//29
f 399//29 400//29 402//29
f 370//29 369//29 341//29
f 386//29 342//29 385//29
f 384//29 385//29 342//29
f 384//29 342//29 362//29
f 387//29 342//29 386//29
f 387//29 399//29 342//29
f 371//29 370//29 341//29
f 381//29 384//29 362//29
f 388//29 399//29 387//29
f 382//29 362//29 361//29
f 382//29 381//29 362//29
f 383//29 382//29 361//29
f 398//29 388//29 389//29
f 398//29 399//29 388//29
f 375//29 361//29 374//29
f 380//29 383//29 361//29
f 397//29 398//29 389//29
f 397//29 389//29 390//29
f 372//29 371//29 341//29
f 376//29 361//29 375//29
f 379//29 380//29 361//29
f 396//29 397//29 390//29
f 378//29 379//29 361//29
f 378//29 376//29 377//29
f 378//29 361//29 376//29
f 395//29 396//29 390//29
f 394//29 395//29 390//29
f 340//29 373//29 372//29
f 340//29 372//29 341//29
f 393//29 394//29 390//29
f 358//29 359//29 360//29
f 357//29 358//29 360//29
f 355//29 356//29 357//29
f 355//29 357//29 360//29
f 533//29 340//29 534//29
f 339//29 534//29 340//29
f 521//29 534//29 339//29
f 354//29 355//29 360//29
f 532//29 340//29 533//29
f 351//29 373//29 340//29
f 351//29 360//29 373//29
f 351//29 354//29 360//29
f 531//29 340//29 532//29
f 519//29 521//29 339//29
f 530//29 340//29 531//29
f 529//29 340//29 530//29
f 528//29 340//29 529//29
f 352//29 351//29 340//29
f 352//29 340//29 528//29
f 353//29 352//29 528//29
f 353//29 523//29 522//29
f 353//29 524//29 523//29
f 353//29 525//29 524//29
f 353//29 526//29 525//29
f 353//29 527//29 526//29
f 353//29 528//29 527//29
f 520//29 519//29 339//29
f 350//29 353//29 522//29
f 350//29 520//29 339//29
f 350//29 522//29 520//29
f 390//156 391//156 392//156
f 390//29 392//29 393//29
f 462//29 463//29 461//29
f 461//29 463//29 460//29
f 539//78 540//78 541//78
f 536//78 538//78 539//78
f 542//78 539//78 541//78
f 542//78 536//78 539//78
f 535//78 536//78 542//78
f 537//78 538//78 536//78
f 543//6 546//6 545//6
f 549//6 543//6 544//6
f 547//6 546//6 543//6
f 547//6 543//6 549//6
f 548//6 547//6 549//6
f 550//6 549//6 544//6
s 1
f 559//6 560//6 561//157
f 558//157 561//157 562//22
f 558//157 559//6 561//157
f 557//22 562//22 563//26
f 557//22 558//157 562//22
f 556//26 563//26 564//34
f 556//26 557//22 563//26
f 555//34 556//26 564//34
f 554//158 564//34 565//158
f 554//158 555//34 564//34
f 553//39 565//158 566//39
f 553//39 554//158 565//158
f 551//29 566//39 552//29
f 551//29 553//39 566//39
f 582//159 568//78 567//78
f 582//159 567//78 569//159
f 581//84 569//159 570//84
f 581//84 582//159 569//159
f 580//91 570//84 571//91
f 580//91 581//84 570//84
f 579//95 571//91 572//95
f 579//95 580//91 571//91
f 578//160 572//95 573//96
f 578//160 579//95 572//95
f 577//105 573//96 574//105
f 577//105 578//160 573//96
f 576//29 574//105 575//29
f 576//29 577//105 574//105
s 0
f 585//161 583//161 584//161
f 585//161 584//161 586//161
f 590//162 587//162 588//162
f 589//162 587//162 590//162
s 1
f 591//2 592//2 593//41
f 598//41 591//2 593//41
f 597//163 593//41 594//163
f 597//163 598//41 593//41
f 596//46 594//163 595//46
f 596//46 597//163 594//163
s 0
f 602//155 599//155 600//155
f 602//155 601//155 599//155
s 1
f 611//164 604//78 603//78
f 611//164 603//78 605//164
f 612//165 605//164 606//165
f 612//165 611//164 605//164
f 613//166 606//165 607//166
f 613//166 612//165 606//165
f 614//167 607//166 608//167
f 614//167 613//166 607//166
f 610//155 608//167 609//155
f 610//155 614//167 608//167
f 616//155 615//155 617//168
f 623//168 617//168 618//169
f 623//168 616//155 617//168
f 624//169 618//169 619//170
f 624//169 623//168 618//169
f 625//170 619//170 620//171
f 625//170 624//169 619//170
f 626//171 620//171 621//6
f 626//171 625//170 620//171
f 622//6 626//171 621//6
s 0
f 636//29 634//29 635//29
f 639//29 632//29 633//29
f 639//29 633//29 634//29
f 639//29 634//29 636//29
f 640//29 630//29 631//29
f 640//29 631//29 632//29
f 640//29 632//29 639//29
f 638//29 636//29 637//29
f 638//29 639//29 636//29
f 629//29 630//29 640//29
f 627//29 640//29 628//29
f 627//29 629//29 640//29
f 643//153 641//153 642//153
f 644//153 641//153 643//153
s 1
f 660//172 652//172 651//173
f 659//173 651//173 650//174
f 659//173 660//172 651//173
f 658//174 650//174 649//175
f 658//174 659//173 650//174
f 657//175 649//175 648//176
f 657//175 658//174 649//175
f 656//176 648//176 647//177
f 656//176 657//175 648//176
f 655//177 656//176 647//177
f 654//178 647//177 646//178
f 654//178 655//177 647//177
f 653//78 646//178 645//78
f 653//78 654//178 646//178
f 675//179 668//6 667//179
f 675//179 676//6 668//6
f 674//180 667//179 666//180
f 674//180 675//179 667//179
f 673//181 666//180 665//181
f 673//181 674//180 666//180
f 672//182 664//182 663//183
f 672//182 665//181 664//182
f 672//182 673//181 665//181
f 671//183 672//182 663//183
f 670//184 663//183 662//184
f 670//184 671//183 663//183
f 669//185 662//184 661//185
f 669//185 670//184 662//184
s 0
f 677//154 680//154 679//154
f 677//154 678//154 680//154
f 691//29 692//29 693//29
f 689//29 690//29 691//29
f 688//29 693//29 694//29
f 688//29 694//29 681//29
f 688//29 691//29 693//29
f 688//29 689//29 691//29
f 687//29 688//29 681//29
f 685//29 686//29 687//29
f 684//29 685//29 687//29
f 683//29 684//29 687//29
f 682//29 687//29 681//29
f 682//29 683//29 687//29
f 703//186 701//186 702//186
f 704//29 700//29 701//29
f 704//29 701//29 703//29
f 705//29 700//29 704//29
f 706//29 699//29 700//29
f 706//29 700//29 705//29
f 709//29 699//29 706//29
f 708//29 699//29 709//29
f 707//29 699//29 708//29
f 710//29 699//29 707//29
f 698//29 699//29 710//29
f 711//29 698//29 710//29
f 697//29 711//29 712//29
f 697//29 698//29 711//29
f 713//29 697//29 712//29
f 722//29 718//29 721//29
f 723//29 718//29 722//29
f 726//29 723//29 724//29
f 726//156 724//156 725//156
f 727//29 719//29 718//29
f 727//29 720//29 719//29
f 727//29 717//29 720//29
f 727//29 718//29 723//29
f 727//29 723//29 726//29
f 716//29 717//29 727//29
f 696//29 713//29 714//29
f 696//29 714//29 715//29
f 696//29 697//29 713//29
f 695//29 715//29 716//29
f 695//29 696//29 715//29
f 695//29 716//29 727//29
s 1
f 744//187 729//153 728//153
f 744//187 728//153 730//188
f 743//189 744//187 730//188
f 742//190 730//188 731//191
f 742//190 743//189 730//188
f 741//192 731//191 732//193
f 741//192 742//190 731//191
f 740//194 732//193 733//195
f 740//194 741//192 732//193
f 739//196 733//195 734//197
f 739//196 740//194 733//195
f 738//198 734//197 735//199
f 738//198 739//196 734//197
f 737//29 735//199 736//29
f 737//29 738//198 735//199
s 0
f 781//200 783//201 780//201
s 1
f 782//202 783//201 781//200
f 779//203 783//201 782//202
f 784//204 783//201 779//203
f 785//205 784//204 779//203
f 746//206 749//207 745//206
f 750//208 747//208 748//209
f 750//208 748//209 749//207
f 750//208 749//207 746//206
f 778//210 746//206 785//205
f 778//210 785//205 779//203
f 778//210 750//208 746//206
f 751//211 750//208 778//210
f 777//212 751//211 778//210
f 752//213 751//211 777//212
f 753//214 757//215 754//214
f 753//214 752//213 777//212
f 776//155 753//214 777//212
f 758//216 755//216 756//217
f 758//216 756//217 757//215
f 758//216 757//215 753//214
f 758//216 753//214 776//155
f 775//218 759//219 758//216
f 775//218 758//216 776//155
f 760//220 759//219 775//218
f 761//221 764//222 765//223
f 761//221 765//223 762//221
f 774//224 761//221 760//220
f 774//224 760//220 775//218
f 766//225 764//222 761//221
f 766//225 763//225 764//222
f 766//225 761//221 774//224
f 767//226 766//225 774//224
f 771//227 767//226 774//224
f 771//227 768//228 767//226
f 771//227 769//229 768//228
f 772//230 769//229 771//227
f 773//231 769//229 772//230
s 0
f 770//229 769//229 773//232
f 857//233 854//233 855//233
f 857//233 855//233 856//233
f 852//233 853//233 854//233
f 852//233 854//233 857//233
f 851//233 852//233 857//233
f 850//233 851//233 857//233
f 839//233 840//233 841//233
f 839//233 841//233 836//233
f 838//233 839//233 836//233
f 837//233 838//233 836//233
f 842//233 837//233 836//233
f 864//233 865//233 858//233
f 862//233 864//233 858//233
f 862//233 863//233 864//233
f 860//233 861//233 862//233
f 859//233 862//233 858//233
f 859//233 860//233 862//233
f 835//233 842//233 836//233
f 831//233 833//233 832//233
f 829//233 831//233 830//233
f 829//233 834//233 833//233
f 829//233 833//233 831//233
f 828//233 835//233 834//233
f 828//233 834//233 829//233
f 866//233 851//233 850//233
f 866//233 859//233 858//233
f 866//233 850//233 843//233
f 866//233 858//233 851//233
f 873//233 866//233 843//233
f 873//233 843//233 844//233
f 872//233 873//233 844//233
f 872//233 844//233 845//233
f 871//233 872//233 845//233
f 871//233 845//233 846//233
f 870//233 846//233 847//233
f 870//233 871//233 846//233
f 823//233 842//233 835//233
f 823//233 835//233 828//233
f 823//233 848//233 849//233
f 823//233 849//233 842//233
f 824//233 847//233 848//233
f 824//233 848//233 823//233
f 788//233 789//233 790//233
f 787//233 790//233 791//233
f 787//233 788//233 790//233
f 786//233 791//233 867//233
f 786//233 787//233 791//233
f 805//233 825//233 804//233
f 805//233 824//233 825//233
f 805//233 870//233 847//233
f 805//233 869//233 870//233
f 805//233 847//233 824//233
f 803//233 804//233 825//233
f 803//233 825//233 826//233
f 800//233 867//233 868//233
f 800//233 868//233 869//233
f 800//233 869//233 805//233
f 802//233 803//233 826//233
f 802//233 826//233 827//233
f 801//233 802//233 827//233
f 801//233 827//233 822//233
f 817//233 815//233 816//233
f 819//233 815//233 817//233
f 819//233 817//233 818//233
f 820//233 815//233 819//233
f 821//233 815//233 820//233
f 814//233 815//233 821//233
f 792//233 786//233 867//233
f 792//233 867//233 800//233
f 794//233 793//233 792//233
f 795//233 794//233 792//233
f 799//233 792//233 800//233
f 797//233 796//233 795//233
f 797//233 792//233 799//233
f 797//233 799//233 798//233
f 797//233 795//233 792//233
f 806//233 801//233 822//233
f 806//233 815//233 814//233
f 806//233 822//233 815//233
f 807//233 806//233 814//233
f 812//233 813//233 806//233
f 811//233 812//233 806//233
f 810//233 807//233 808//233
f 810//233 808//233 809//233
f 810//233 806//233 807//233
f 810//233 811//233 806//233
s 1
f 875//234 876//234 877//234
s 0
f 875//235 877//235 874//235
f 878//236 880//236 881//236
f 878//237 881//237 882//237
f 878//238 882//238 883//238
f 878//238 883//238 884//238
f 878//237 884//237 885//237
f 890//237 891//237 879//237
f 886//237 879//237 878//237
f 886//237 878//237 885//237
f 889//237 890//237 879//237
f 887//237 879//237 886//237
f 888//237 889//237 879//237
f 888//237 879//237 887//237
f 894//29 895//29 892//29
f 893//29 894//29 892//29
f 904//239 905//239 906//239
f 904//239 906//239 907//239
f 904//239 907//239 908//239
f 904//240 908//240 909//240
f 904//239 909//239 896//239
f 903//239 904//239 896//239
f 901//241 902//241 903//241
f 897//239 903//239 896//239
s 1
f 900//239 901//239 903//239
s 0
f 898//239 903//239 897//239
f 899//239 900//239 903//239
f 899//239 903//239 898//239
s 1
f 911//242 910//242 912//242
s 0
f 913//243 911//243 912//243
f 917//29 914//29 915//29
f 916//29 914//29 917//29
s 1
f 931//244 928//245 929//246
f 931//244 929//246 930//247
f 927//248 928//245 931//244
f 936//249 928//245 927//248
f 926//250 936//249 927//248
f 935//251 936//249 926//250
f 925//252 935//251 926//250
f 934//253 935//251 925//252
f 924//254 934//253 925//252
f 933//255 934//253 924//254
f 923//256 933//255 924//254
f 932//257 933//255 923//256
f 918//258 932//257 923//256
f 921//259 918//258 919//260
f 921//259 919//260 920//261
f 922//262 918//258 921//259
f 922//262 932//257 918//258
f 941//263 947//264 942//265
f 940//266 946//267 941//263
f 938//268 945//269 939//270
f 937//271 944//272 938//268
f 943//273 944//272 937//271
f 944//272 945//269 938//268
f 945//269 946//267 940//266
f 945//269 940//266 939//270
f 946//267 947//264 941//263
f 947//264 948//274 942//265
s 0
f 959//29 949//29 950//29
f 959//29 960//29 949//29
f 958//29 950//29 951//29
f 958//29 959//29 950//29
f 957//29 951//29 952//29
f 957//29 958//29 951//29
f 953//29 957//29 952//29
f 956//29 957//29 953//29
f 954//29 956//29 953//29
f 955//29 956//29 954//29
s 1
f 967//275 968//276 972//277
f 969//278 972//277 968//276
f 970//279 972//277 969//278
f 966//280 972//277 976//281
f 966//280 967//275 972//277
f 965//282 966//280 976//281
f 964//283 976//281 975//284
f 964//283 965//282 976//281
f 963//285 975//284 974//286
f 963//285 964//283 975//284
f 961//287 974//286 973//29
f 961//287 963//285 974//286
f 962//29 961//287 973//29
f 971//288 972//277 970//279
f 985//154 986//154 993//289
f 984//290 992//291 991//292
f 984//290 993//289 992//291
f 984//290 985//154 993//289
f 983//293 991//292 990//294
f 983//293 984//290 991//292
f 982//295 990//294 989//296
f 982//295 983//293 990//294
f 981//297 989//296 988//298
f 981//297 982//295 989//296
f 980//299 988//298 987//300
f 980//299 981//297 988//298
f 979//301 987//300 978//29
f 979//301 980//299 987//300
f 977//29 979//301 978//29
f 1023//302 1011//303 1012//304
f 1023//302 1012//304 1013//305
f 1024//306 1013//305 1014//307
f 1024//306 1014//307 1015//308
f 1024//306 1011//303 1023//302
f 1024//306 1023//302 1013//305
f 1025//309 1015//308 1016//310
f 1025//309 1024//306 1015//308
f 1026//311 1016//310 1017//312
f 1026//311 1017//312 1018//313
f 1026//311 1018//313 1009//29
f 1026//311 1025//309 1016//310
f 1027//314 1010//315 1011//303
f 1028//316 1027//314 1011//303
f 1029//317 1011//303 1024//306
f 1029//317 1028//316 1011//303
f 1030//318 1024//306 1025//309
f 1030//318 1029//317 1024//306
f 1031//319 1009//29 1008//29
f 1031//319 1030//318 1025//309
f 1031//319 1025//309 1026//311
f 1031//319 1026//311 1009//29
f 1032//320 1019//321 1010//315
f 1032//320 1028//316 1029//317
f 1032//320 1010//315 1027//314
f 1032//320 1027//314 1028//316
f 1033//322 1029//317 1030//318
f 1033//322 1032//320 1029//317
f 1034//323 1030//318 1031//319
f 1034//323 1033//322 1030//318
f 1034//323 1031//319 1008//29
f 1035//324 1019//321 1032//320
f 1036//325 1035//324 1032//320
f 1037//326 1036//325 1032//320
f 1038//327 1032//320 1033//322
f 1038//327 1033//322 1034//323
f 1038//327 1037//326 1032//320
f 1039//328 1038//327 1034//323
f 1039//328 1008//29 1007//29
f 1039//328 1034//323 1008//29
f 1040//329 1020//269 1019//321
f 1040//329 1019//321 1035//324
f 1040//329 1035//324 1036//325
f 1040//329 1036//325 1037//326
f 1041//330 1037//326 1038//327
f 1041//330 1038//327 1039//328
f 1041//330 1040//329 1037//326
f 1042//331 1039//328 1007//29
f 1042//331 1041//330 1039//328
f 1043//332 1020//269 1040//329
f 1044//333 1043//332 1040//329
f 1045//334 1044//333 1040//329
f 1046//335 1040//329 1041//330
f 1046//335 1045//334 1040//329
f 1047//336 1042//331 1007//29
f 1047//336 1041//330 1042//331
f 1047//336 1007//29 1006//29
f 1047//336 1046//335 1041//330
f 1048//337 1020//269 1043//332
f 1048//337 1043//332 1044//333
f 1048//337 1044//333 1045//334
f 1048//337 1021//267 1020//269
f 1049//338 1048//337 1045//334
f 1049//338 1045//334 1046//335
f 1049//338 1046//335 1047//336
f 1050//339 1047//336 1006//29
f 1050//339 1049//338 1047//336
f 1051//340 1021//267 1048//337
f 1052//341 1051//340 1048//337
f 1053//342 1052//341 1048//337
f 1054//343 1048//337 1049//338
f 1054//343 1053//342 1048//337
f 1055//344 1006//29 1005//29
f 1055//344 1050//339 1006//29
f 1055//344 1049//338 1050//339
f 1055//344 1054//343 1049//338
f 1056//345 1022//346 1021//267
f 1056//345 1021//267 1051//340
f 1056//345 1051//340 1052//341
f 1056//345 1052//341 1053//342
f 1056//345 1053//342 1054//343
f 1057//347 1054//343 1055//344
f 1057//347 1056//345 1054//343
f 1058//348 1055//344 1005//29
f 1058//348 1057//347 1055//344
f 1059//349 1022//346 1056//345
f 1060//350 1059//349 1056//345
f 1061//351 1060//350 1056//345
f 1062//352 1056//345 1057//347
f 1062//352 1061//351 1056//345
f 1063//353 1005//29 1004//29
f 1063//353 1058//348 1005//29
f 1063//353 1057//347 1058//348
f 1063//353 1062//352 1057//347
f 1064//354 994//274 1022//346
f 1064//354 1022//346 1059//349
f 1064//354 1059//349 1060//350
f 1064//354 1060//350 1061//351
f 1065//355 1061//351 1062//352
f 1065//355 1064//354 1061//351
f 1066//356 1063//353 1004//29
f 1066//356 1062//352 1063//353
f 1066//356 1065//355 1062//352
f 1067//357 995//358 994//274
f 1067//357 994//274 1064//354
f 1068//359 1067//357 1064//354
f 1069//360 1064//354 1065//355
f 1069//360 1068//359 1064//354
f 1070//361 996//362 995//358
f 1070//361 995//358 1067//357
f 1071//363 1069//360 1065//355
f 1072//364 1004//29 1003//29
f 1072//364 1066//356 1004//29
f 1072//364 1065//355 1066//356
f 1072//364 1071//363 1065//355
f 1073//365 996//362 1070//361
f 1073//365 1067//357 1068//359
f 1073//365 1068//359 1069//360
f 1073//365 1070//361 1067//357
f 1074//366 1073//365 1069//360
f 1074//366 996//362 1073//365
f 1075//367 1069//360 1071//363
f 1075//367 1074//366 1069//360
f 1076//368 1071//363 1072//364
f 1076//368 1075//367 1071//363
f 1076//368 1072//364 1003//29
f 1077//369 997//370 996//362
f 1077//369 998//371 997//370
f 1077//369 999//372 998//371
f 1077//369 1074//366 1075//367
f 1077//369 996//362 1074//366
f 1078//373 999//372 1077//369
f 1078//373 1000//374 999//372
f 1078//373 1077//369 1075//367
f 1079//375 1001//376 1000//374
f 1079//375 1002//377 1001//376
f 1079//375 1003//29 1002//377
f 1079//375 1075//367 1076//368
f 1079//375 1076//368 1003//29
f 1079//375 1078//373 1075//367
f 1079//375 1000//374 1078//373
f 1080//234 1102//378 1091//234
f 1081//379 1101//380 1102//378
f 1081//379 1102//378 1080//234
f 1082//381 1099//382 1100//383
f 1082//381 1100//383 1101//380
f 1082//381 1101//380 1081//379
f 1083//384 1098//385 1099//382
f 1083//384 1099//382 1082//381
f 1084//386 1097//387 1098//385
f 1084//386 1098//385 1083//384
f 1085//388 1096//389 1097//387
f 1085//388 1097//387 1084//386
f 1086//390 1094//391 1095//392
f 1086//390 1095//392 1096//389
f 1086//390 1096//389 1085//388
f 1087//393 1093//394 1094//391
f 1087//393 1094//391 1086//390
f 1088//395 1093//394 1087//393
f 1089//396 1092//29 1093//394
f 1089//396 1093//394 1088//395
f 1090//29 1092//29 1089//396
f 1116//397 1113//398 1114//242
f 1117//399 1112//400 1113//398
f 1117//399 1113//398 1116//397
f 1118//401 1110//402 1111//403
f 1118//401 1111//403 1112//400
f 1118//401 1112//400 1117//399
f 1119//404 1109//405 1110//402
f 1119//404 1110//402 1118//401
f 1120//406 1108//407 1109//405
f 1120//406 1109//405 1119//404
f 1121//408 1107//409 1108//407
f 1121//408 1108//407 1120//406
f 1122//410 1105//411 1106//412
f 1122//410 1106//412 1107//409
f 1122//410 1107//409 1121//408
f 1123//413 1104//414 1105//411
f 1123//413 1105//411 1122//410
f 1124//415 1104//414 1123//413
f 1125//416 1103//29 1104//414
f 1125//416 1104//414 1124//415
f 1115//29 1103//29 1125//416
s 0
f 1140//29 1129//29 1139//29
f 1130//29 1146//29 1145//29
f 1130//29 1147//29 1146//29
f 1130//29 1140//29 1147//29
f 1130//29 1129//29 1140//29
f 1144//29 1130//29 1145//29
f 1141//29 1148//29 1149//29
f 1151//29 1149//29 1150//29
f 1153//29 1142//29 1141//29
f 1153//29 1151//29 1152//29
f 1153//29 1141//29 1149//29
f 1153//29 1149//29 1151//29
f 1131//29 1143//29 1142//29
f 1131//29 1144//29 1143//29
f 1131//29 1142//29 1153//29
f 1131//29 1130//29 1144//29
f 1154//29 1131//29 1153//29
f 1132//29 1131//29 1154//29
f 1155//29 1132//29 1154//29
f 1133//29 1132//29 1155//29
f 1156//29 1133//29 1155//29
f 1134//29 1133//29 1156//29
f 1135//29 1156//29 1157//29
f 1135//29 1134//29 1156//29
f 1136//29 1157//29 1158//29
f 1136//29 1135//29 1157//29
f 1161//29 1159//29 1160//29
f 1164//29 1159//29 1161//29
f 1164//29 1161//29 1162//29
f 1164//29 1162//29 1163//29
f 1165//29 1159//29 1164//29
f 1171//29 1159//29 1165//29
f 1137//29 1136//29 1158//29
f 1137//29 1159//29 1171//29
f 1137//29 1158//29 1159//29
f 1137//29 1170//29 1169//29
f 1137//29 1171//29 1170//29
f 1138//29 1137//29 1169//29
f 1138//29 1166//29 1127//29
f 1138//29 1167//29 1166//29
f 1138//29 1168//29 1167//29
f 1138//29 1169//29 1168//29
f 1128//29 1127//29 1126//29
f 1128//29 1138//29 1127//29
f 1183//417 1185//417 1184//417
f 1172//417 1185//417 1183//417
f 1174//417 1183//417 1182//417
f 1174//417 1172//417 1183//417
f 1173//417 1172//417 1174//417
s 1
f 1180//418 1181//418 1173//418
s 0
f 1175//417 1173//417 1174//417
f 1179//419 1180//419 1173//419
f 1176//417 1173//417 1175//417
f 1178//417 1179//417 1173//417
f 1177//417 1173//417 1176//417
f 1177//419 1178//419 1173//419
s 1
f 1193//126 1186//133 1187//133
f 1193//126 1187//133 1188//126
f 1193//126 1188//126 1189//116
f 1192//116 1189//116 1190//82
f 1192//116 1193//126 1189//116
f 1191//82 1192//116 1190//82
s 0
f 1194//420 1195//420 1196//420
f 1197//420 1194//420 1196//420
f 1199//420 1207//420 1194//420
f 1199//420 1194//420 1197//420
f 1198//420 1199//420 1197//420
s 1
f 1205//421 1198//421 1206//421
s 0
f 1200//420 1199//420 1198//420
f 1204//422 1198//422 1205//422
f 1201//420 1200//420 1198//420
f 1203//420 1198//420 1204//420
f 1202//420 1201//420 1198//420
f 1202//422 1198//422 1203//422
s 1
f 1209//423 1208//419 1216//419
f 1209//423 1216//419 1223//423
f 1210//424 1223//423 1222//424
f 1210//424 1209//423 1223//423
f 1211//425 1222//424 1221//425
f 1211//425 1210//424 1222//424
f 1212//426 1221//425 1220//426
f 1212//426 1211//425 1221//425
f 1213//427 1220//426 1219//428
f 1213//427 1212//426 1220//426
f 1214//429 1219//428 1218//429
f 1214//429 1213//427 1219//428
f 1215//229 1218//429 1217//229
f 1215//229 1214//429 1218//429
s 0
f 1340//29 1338//29 1339//29
f 1334//29 1335//29 1336//29
f 1334//29 1336//29 1337//29
f 1334//29 1337//29 1338//29
f 1224//29 1334//29 1338//29
f 1224//29 1338//29 1340//29
f 1344//29 1334//29 1224//29
f 1323//29 1320//29 1325//29
f 1323//29 1325//29 1324//29
f 1321//29 1320//29 1323//29
f 1321//29 1323//29 1322//29
f 1317//29 1318//29 1320//29
f 1319//29 1320//29 1318//29
f 1316//29 1317//29 1320//29
f 1315//29 1316//29 1320//29
f 1314//29 1315//29 1320//29
f 1313//29 1314//29 1320//29
f 1312//29 1313//29 1320//29
f 1309//29 1312//29 1320//29
f 1227//29 1225//29 1226//29
f 1310//29 1321//29 1326//29
f 1310//29 1320//29 1321//29
f 1310//29 1309//29 1320//29
f 1343//29 1224//29 1225//29
f 1343//29 1344//29 1224//29
f 1341//29 1330//29 1331//29
f 1341//29 1331//29 1332//29
f 1341//29 1332//29 1333//29
f 1229//29 1227//29 1228//29
f 1229//29 1225//29 1227//29
f 1230//29 1225//29 1229//29
f 1232//29 1230//29 1231//29
f 1232//29 1225//29 1230//29
f 1232//29 1343//29 1225//29
f 1311//29 1310//29 1326//29
f 1308//29 1326//29 1327//29
f 1308//29 1311//29 1326//29
f 1307//29 1327//29 1328//29
f 1307//29 1308//29 1327//29
f 1306//29 1307//29 1328//29
f 1293//29 1300//29 1301//29
f 1293//29 1301//29 1302//29
f 1293//29 1302//29 1303//29
f 1297//29 1295//29 1294//29
f 1297//29 1296//29 1295//29
f 1291//29 1293//29 1303//29
f 1291//29 1303//29 1304//29
f 1290//29 1291//29 1304//29
f 1290//29 1304//29 1305//29
f 1292//29 1293//29 1291//29
f 1298//29 1297//29 1294//29
f 1298//29 1294//29 1293//29
f 1289//29 1290//29 1305//29
f 1289//29 1305//29 1306//29
f 1299//29 1293//29 1292//29
f 1299//29 1298//29 1293//29
f 1288//29 1306//29 1328//29
f 1288//29 1289//29 1306//29
f 1287//29 1328//29 1329//29
f 1287//29 1288//29 1328//29
f 1281//29 1329//29 1330//29
f 1281//29 1287//29 1329//29
f 1281//29 1330//29 1341//29
f 1282//29 1281//29 1341//29
f 1283//29 1282//29 1341//29
f 1284//29 1341//29 1342//29
f 1284//29 1283//29 1341//29
f 1234//29 1342//29 1233//29
f 1235//29 1342//29 1234//29
f 1236//29 1342//29 1235//29
f 1285//29 1284//29 1342//29
f 1286//29 1285//29 1342//29
f 1244//29 1246//29 1245//29
f 1244//29 1241//29 1246//29
f 1242//29 1244//29 1243//29
f 1242//29 1241//29 1244//29
f 1280//29 1236//29 1237//29
f 1280//29 1342//29 1236//29
f 1280//29 1286//29 1342//29
f 1279//29 1237//29 1238//29
f 1279//29 1280//29 1237//29
f 1278//29 1279//29 1238//29
f 1270//29 1269//29 1268//29
f 1259//29 1238//29 1239//29
f 1260//29 1278//29 1238//29
f 1260//29 1277//29 1278//29
f 1260//29 1238//29 1259//29
f 1256//29 1259//29 1239//29
f 1256//29 1239//29 1240//29
f 1261//29 1277//29 1260//29
f 1261//29 1276//29 1277//29
f 1262//29 1276//29 1261//29
f 1262//29 1275//29 1276//29
f 1263//29 1275//29 1262//29
f 1257//29 1256//29 1240//29
f 1258//29 1240//29 1241//29
f 1258//29 1257//29 1240//29
f 1258//29 1241//29 1242//29
f 1274//29 1272//29 1271//29
f 1274//29 1273//29 1272//29
f 1255//29 1258//29 1242//29
f 1254//29 1255//29 1242//29
f 1267//29 1270//29 1268//29
f 1267//29 1275//29 1263//29
f 1267//29 1263//29 1264//29
f 1267//29 1264//29 1265//29
f 1267//29 1274//29 1271//29
f 1267//29 1271//29 1270//29
f 1267//29 1268//29 1275//29
f 1253//29 1254//29 1242//29
f 1252//29 1253//29 1242//29
f 1251//29 1252//29 1242//29
f 1250//29 1251//29 1242//29
f 1266//29 1267//29 1265//29
f 1249//29 1250//29 1242//29
f 1248//29 1249//29 1242//29
f 1247//29 1248//29 1242//29
f 1232//29 1233//29 1342//29
f 1232//29 1342//29 1343//29
f 1333//29 1334//29 1344//29
f 1333//29 1344//29 1341//29
f 1346//430 1357//430 1356//430
f 1346//430 1345//430 1357//430
f 1353//430 1346//430 1356//430
f 1355//430 1352//430 1353//430
f 1355//430 1353//430 1356//430
f 1351//430 1352//430 1355//430
f 1354//430 1351//430 1355//430
f 1350//430 1351//430 1354//430
f 1349//430 1350//430 1354//430
f 1348//430 1349//430 1354//430
f 1347//430 1348//430 1354//430
s 1
f 1361//431 1367//432 1360//432
f 1361//431 1373//431 1367//432
f 1362//433 1372//433 1373//431
f 1362//433 1373//431 1361//431
f 1363//434 1371//434 1372//433
f 1363//434 1372//433 1362//433
f 1364//435 1370//435 1371//434
f 1364//435 1371//434 1363//434
f 1365//436 1369//436 1370//435
f 1365//436 1370//435 1364//435
f 1366//437 1368//437 1369//436
f 1366//437 1369//436 1365//436
f 1359//430 1358//430 1368//437
f 1359//430 1368//437 1366//437
s 0
f 1379//438 1374//438 1386//438
f 1376//438 1380//438 1381//438
f 1376//438 1381//438 1382//438
f 1377//438 1382//438 1383//438
f 1377//438 1383//438 1384//438
f 1377//438 1384//438 1385//438
f 1377//438 1385//438 1378//438
f 1377//438 1376//438 1382//438
f 1375//438 1379//438 1380//438
f 1375//438 1374//438 1379//438
f 1375//438 1380//438 1376//438
s 1
f 1388//438 1395//439 1387//438
f 1397//439 1394//440 1395//439
f 1397//439 1395//439 1388//438
f 1398//440 1393//441 1394//440
f 1398//440 1394//440 1397//439
f 1399//441 1392//442 1393//441
f 1399//441 1393//441 1398//440
f 1400//442 1391//443 1392//442
f 1400//442 1392//442 1399//441
f 1401//443 1391//443 1400//442
f 1402//444 1389//445 1390//444
f 1402//444 1390//444 1391//443
f 1402//444 1391//443 1401//443
f 1396//445 1389//445 1402//444
f 1406//446 1418//447 1405//447
f 1406//446 1430//446 1418//447
f 1407//448 1429//448 1430//446
f 1407//448 1430//446 1406//446
f 1408//449 1428//449 1429//448
f 1408//449 1429//448 1407//448
f 1409//450 1427//451 1428//449
f 1409//450 1428//449 1408//449
f 1410//452 1426//452 1427//451
f 1410//452 1427//451 1409//450
f 1411//453 1424//454 1425//453
f 1411//453 1425//453 1426//452
f 1411//453 1426//452 1410//452
f 1412//454 1424//454 1411//453
f 1413//455 1422//456 1423//455
f 1413//455 1423//455 1424//454
f 1413//455 1424//454 1412//454
f 1414//456 1421//457 1422//456
f 1414//456 1422//456 1413//455
f 1415//457 1421//457 1414//456
f 1416//458 1419//459 1420//458
f 1416//458 1420//458 1421//457
f 1416//458 1421//457 1415//457
f 1417//459 1404//460 1419//459
f 1417//459 1419//459 1416//458
f 1403//460 1404//460 1417//459
f 1447//461 1431//462 1432//462
f 1447//461 1445//461 1431//462
f 1448//463 1444//463 1445//461
f 1448//463 1445//461 1447//461
f 1449//464 1443//464 1444//463
f 1449//464 1444//463 1448//463
f 1450//465 1442//465 1443//464
f 1450//465 1443//464 1449//464
f 1451//466 1441//466 1442//465
f 1451//466 1442//465 1450//465
f 1452//467 1440//467 1441//466
f 1452//467 1441//466 1451//466
f 1453//468 1439//468 1440//467
f 1453//468 1440//467 1452//467
f 1454//469 1438//469 1439//468
f 1454//469 1439//468 1453//468
f 1455//470 1437//471 1438//469
f 1455//470 1438//469 1454//469
f 1456//472 1436//472 1437//471
f 1456//472 1437//471 1455//470
f 1457//473 1435//473 1436//472
f 1457//473 1436//472 1456//472
f 1458//474 1433//475 1434//474
f 1458//474 1434//474 1435//473
f 1458//474 1435//473 1457//473
f 1446//475 1433//475 1458//474
s 0
f 1461//162 1459//162 1462//162
f 1460//162 1459//162 1461//162
f 1464//476 1466//476 1465//476
f 1464//476 1463//476 1466//476
s 1
f 1469//438 1494//477 1482//438
f 1470//477 1493//478 1494//477
f 1470//477 1494//477 1469//438
f 1471//478 1492//479 1493//478
f 1471//478 1493//478 1470//477
f 1472//479 1491//480 1492//479
f 1472//479 1492//479 1471//478
f 1473//480 1490//481 1491//480
f 1473//480 1491//480 1472//479
f 1474//481 1489//482 1490//481
f 1474//481 1490//481 1473//480
f 1475//482 1488//483 1489//482
f 1475//482 1489//482 1474//481
f 1476//483 1487//484 1488//483
f 1476//483 1488//483 1475//482
f 1477//484 1487//484 1476//483
f 1478//485 1485//486 1486//485
f 1478//485 1486//485 1487//484
f 1478//485 1487//484 1477//484
f 1479//486 1484//487 1485//486
f 1479//486 1485//486 1478//485
f 1480//487 1483//488 1484//487
f 1480//487 1484//487 1479//486
f 1481//488 1467//476 1483//488
f 1481//488 1483//488 1480//487
f 1468//476 1467//476 1481//488
s 0
f 1496//438 1498//438 1497//438
f 1496//438 1495//438 1498//438
f 1506//29 1504//29 1503//29
f 1506//29 1505//29 1504//29
f 1509//29 1507//29 1506//29
f 1509//29 1508//29 1507//29
f 1510//29 1506//29 1503//29
f 1510//29 1509//29 1506//29
f 1512//29 1511//29 1510//29
f 1514//29 1513//29 1512//29
f 1514//29 1510//29 1503//29
f 1514//29 1512//29 1510//29
f 1501//29 1503//29 1502//29
f 1501//29 1514//29 1503//29
f 1499//29 1502//29 1500//29
f 1499//29 1501//29 1502//29
s 1
f 1518//489 1530//490 1517//490
f 1518//489 1542//489 1530//490
f 1519//491 1541//491 1542//489
f 1519//491 1542//489 1518//489
f 1520//492 1540//492 1541//491
f 1520//492 1541//491 1519//491
f 1521//493 1539//493 1540//492
f 1521//493 1540//492 1520//492
f 1522//494 1538//494 1539//493
f 1522//494 1539//493 1521//493
f 1523//495 1536//496 1537//495
f 1523//495 1537//495 1538//494
f 1523//495 1538//494 1522//494
f 1524//496 1536//496 1523//495
f 1525//497 1535//498 1536//496
f 1525//497 1536//496 1524//496
f 1526//499 1534//499 1535//498
f 1526//499 1535//498 1525//497
f 1527//500 1533//500 1534//499
f 1527//500 1534//499 1526//499
f 1528//501 1532//501 1533//500
f 1528//501 1533//500 1527//500
f 1529//502 1515//503 1531//502
f 1529//502 1531//502 1532//501
f 1529//502 1532//501 1528//501
f 1516//503 1515//503 1529//502
s 0
f 1545//490 1543//490 1546//490
f 1544//490 1543//490 1545//490
f 1548//504 1550//504 1549//504
f 1548//504 1547//504 1550//504
f 1559//29 1561//29 1560//29
f 1564//29 1563//29 1562//29
f 1556//29 1558//29 1557//29
f 1555//29 1558//29 1556//29
f 1554//29 1559//29 1558//29
f 1554//29 1561//29 1559//29
f 1554//29 1558//29 1555//29
f 1552//29 1554//29 1553//29
f 1551//29 1562//29 1561//29
f 1551//29 1561//29 1554//29
f 1551//29 1564//29 1562//29
f 1551//29 1554//29 1552//29
f 1567//29 1566//29 1564//29
f 1567//29 1564//29 1551//29
f 1568//29 1567//29 1551//29
f 1565//29 1568//29 1551//29
f 1571//430 1569//430 1572//430
f 1570//430 1569//430 1571//430
s 1
f 1576//505 1588//506 1575//506
f 1576//505 1600//505 1588//506
f 1577//507 1599//507 1600//505
f 1577//507 1600//505 1576//505
f 1578//508 1598//508 1599//507
f 1578//508 1599//507 1577//507
f 1579//509 1597//510 1598//508
f 1579//509 1598//508 1578//508
f 1580//511 1596//511 1597//510
f 1580//511 1597//510 1579//509
f 1581//512 1595//512 1596//511
f 1581//512 1596//511 1580//511
f 1582//513 1594//513 1595//512
f 1582//513 1595//512 1581//512
f 1583//514 1593//514 1594//513
f 1583//514 1594//513 1582//513
f 1584//515 1592//515 1593//514
f 1584//515 1593//514 1583//514
f 1585//516 1591//516 1592//515
f 1585//516 1592//515 1584//515
f 1586//517 1590//517 1591//516
f 1586//517 1591//516 1585//516
f 1587//518 1573//430 1589//518
f 1587//518 1589//518 1590//517
f 1587//518 1590//517 1586//517
f 1574//430 1573//430 1587//518
s 0
f 1603//506 1601//506 1604//506
f 1602//506 1601//506 1603//506
f 1606//161 1608//161 1607//161
f 1606//161 1605//161 1608//161
f 1612//29 1609//29 1611//29
f 1610//29 1612//29 1624//29
f 1610//29 1609//29 1612//29
f 1622//29 1624//29 1623//29
f 1622//29 1610//29 1624//29
f 1621//29 1610//29 1622//29
f 1620//29 1610//29 1621//29
f 1615//29 1613//29 1610//29
f 1615//29 1614//29 1613//29
f 1619//29 1610//29 1620//29
f 1616//29 1615//29 1610//29
f 1618//29 1610//29 1619//29
f 1617//29 1616//29 1610//29
f 1617//29 1610//29 1618//29
s 1
f 1627//519 1652//520 1640//519
f 1628//520 1651//521 1652//520
f 1628//520 1652//520 1627//519
f 1629//521 1651//521 1628//520
f 1630//522 1650//522 1651//521
f 1630//522 1651//521 1629//521
f 1631//523 1649//523 1650//522
f 1631//523 1650//522 1630//522
f 1632//524 1648//525 1649//523
f 1632//524 1649//523 1631//523
f 1633//526 1647//526 1648//525
f 1633//526 1648//525 1632//524
f 1634//527 1646//527 1647//526
f 1634//527 1647//526 1633//526
f 1635//528 1645//528 1646//527
f 1635//528 1646//527 1634//527
f 1636//529 1644//529 1645//528
f 1636//529 1645//528 1635//528
f 1637//530 1643//530 1644//529
f 1637//530 1644//529 1636//529
f 1638//531 1642//531 1643//530
f 1638//531 1643//530 1637//530
f 1639//532 1641//532 1642//531
f 1639//532 1642//531 1638//531
f 1626//533 1625//533 1641//532
f 1626//533 1641//532 1639//532
s 0
f 1654//534 1656//534 1655//534
f 1654//534 1653//534 1656//534
f 1658//533 1660//533 1659//533
f 1658//533 1657//533 1660//533
f 1673//29 1672//29 1671//29
f 1668//29 1670//29 1669//29
f 1668//29 1671//29 1670//29
f 1668//29 1673//29 1671//29
f 1666//29 1668//29 1667//29
f 1665//29 1668//29 1666//29
f 1663//29 1665//29 1664//29
f 1677//29 1676//29 1674//29
f 1661//29 1663//29 1662//29
f 1661//29 1674//29 1673//29
f 1661//29 1673//29 1668//29
f 1661//29 1668//29 1665//29
f 1661//29 1665//29 1663//29
f 1678//29 1677//29 1674//29
f 1678//29 1674//29 1661//29
f 1675//29 1678//29 1661//29
s 1
f 1682//535 1694//536 1681//536
f 1682//535 1706//535 1694//536
f 1683//537 1705//537 1706//535
f 1683//537 1706//535 1682//535
f 1684//538 1704//538 1705//537
f 1684//538 1705//537 1683//537
f 1685//539 1703//539 1704//538
f 1685//539 1704//538 1684//538
f 1686//540 1702//540 1703//539
f 1686//540 1703//539 1685//539
f 1687//541 1701//541 1702//540
f 1687//541 1702//540 1686//540
f 1688//542 1700//542 1701//541
f 1688//542 1701//541 1687//541
f 1689//543 1699//543 1700//542
f 1689//543 1700//542 1688//542
f 1690//544 1698//544 1699//543
f 1690//544 1699//543 1689//543
f 1691//545 1697//545 1698//544
f 1691//545 1698//544 1690//544
f 1692//546 1696//546 1697//545
f 1692//546 1697//545 1691//545
f 1693//547 1679//548 1695//547
f 1693//547 1695//547 1696//546
f 1693//547 1696//546 1692//546
f 1680//548 1679//548 1693//547
s 0
f 1708//536 1710//536 1709//536
f 1708//536 1707//536 1710//536
f 1712//548 1714//548 1713//548
f 1712//548 1711//548 1714//548
f 1728//29 1723//29 1722//29
f 1728//29 1724//29 1723//29
f 1728//29 1725//29 1724//29
f 1728//29 1726//29 1725//29
f 1728//29 1727//29 1726//29
f 1718//29 1720//29 1719//29
f 1716//29 1718//29 1717//29
f 1715//29 1721//29 1720//29
f 1715//29 1722//29 1721//29
f 1715//29 1728//29 1722//29
f 1715//29 1720//29 1718//29
f 1715//29 1718//29 1716//29
f 1731//29 1730//29 1728//29
f 1731//29 1728//29 1715//29
f 1732//29 1731//29 1715//29
f 1729//29 1732//29 1715//29
s 1
f 1742//549 1733//550 1734//550
f 1742//549 1735//549 1733//550
f 1742//549 1736//551 1735//549
f 1743//551 1736//551 1742//549
f 1744//155 1737//155 1736//551
f 1744//155 1738//552 1737//155
f 1744//155 1736//551 1743//551
f 1745//552 1739//553 1738//552
f 1745//552 1738//552 1744//155
f 1746//553 1739//553 1745//552
f 1741//554 1740//554 1739//553
f 1741//554 1739//553 1746//553
f 1748//555 1751//556 1747//556
f 1748//555 1753//557 1754//555
f 1748//555 1754//555 1751//556
f 1749//557 1752//558 1753//557
f 1749//557 1753//557 1748//555
f 1750//558 1752//558 1749//557
f 1758//559 1760//560 1757//560
f 1758//559 1762//559 1760//560
f 1759//561 1756//562 1761//561
f 1759//561 1761//561 1762//559
f 1759//561 1762//559 1758//559
f 1755//562 1756//562 1759//561
f 1763//201 1771//201 1778//563
f 1764//563 1778//563 1777//564
f 1764//563 1763//201 1778//563
f 1765//565 1777//564 1776//566
f 1765//565 1764//563 1777//564
f 1766//566 1776//566 1775//567
f 1766//566 1765//565 1776//566
f 1767//567 1775//567 1774//568
f 1767//567 1766//566 1775//567
f 1768//568 1774//568 1773//569
f 1768//568 1767//567 1774//568
f 1769//569 1773//569 1772//422
f 1769//569 1768//568 1773//569
f 1770//422 1769//569 1772//422
s 0
f 1955//570 1779//570 1780//570
f 1956//570 1779//570 1955//570
s 1
f 1944//571 1781//572 1779//573
f 1944//571 1782//574 1781//572
f 1944//571 1783//575 1782//574
f 1944//571 1784//576 1783//575
f 1944//571 1785//577 1784//576
f 1944//571 1786//578 1785//577
f 1944//571 1787//579 1786//578
f 1944//571 1779//573 1956//580
f 1945//581 1788//582 1787//579
f 1945//581 1787//579 1944//571
f 1945//581 1789//583 1788//582
f 1945//581 1790//584 1789//583
f 1945//581 1791//585 1790//584
f 1945//581 1792//586 1791//585
f 1945//581 1793//587 1792//586
f 1945//581 1794//588 1793//587
f 1945//581 1795//589 1794//588
f 1945//581 1796//590 1795//589
f 1945//581 1797//591 1796//590
f 1945//581 1798//592 1797//591
f 1945//581 1799//593 1798//592
f 1945//581 1800//594 1799//593
f 1945//581 1801//595 1800//594
f 1945//581 1802//596 1801//595
f 1946//597 1803//598 1802//596
f 1946//597 1804//599 1803//598
f 1946//597 1805//600 1804//599
f 1946//597 1806//601 1805//600
f 1946//597 1807//602 1806//601
f 1946//597 1808//603 1807//602
f 1946//597 1809//597 1808//603
f 1946//597 1810//604 1809//597
f 1946//597 1811//605 1810//604
f 1946//597 1812//606 1811//605
f 1946//597 1813//607 1812//606
f 1946//597 1814//608 1813//607
f 1946//597 1815//609 1814//608
f 1946//597 1816//610 1815//609
f 1946//597 1802//596 1945//581
f 1947//611 1817//612 1816//610
f 1947//611 1818//613 1817//612
f 1947//611 1819//614 1818//613
f 1947//611 1820//615 1819//614
f 1947//611 1821//616 1820//615
f 1947//611 1822//617 1821//616
f 1947//611 1823//618 1822//617
f 1947//611 1824//619 1823//618
f 1947//611 1825//620 1824//619
f 1947//611 1826//621 1825//620
f 1947//611 1827//622 1826//621
f 1947//611 1828//623 1827//622
f 1947//611 1829//624 1828//623
f 1947//611 1830//625 1829//624
f 1947//611 1831//626 1830//625
f 1947//611 1816//610 1946//597
f 1948//627 1832//628 1831//626
f 1948//627 1833//629 1832//628
f 1948//627 1834//630 1833//629
f 1948//627 1835//631 1834//630
f 1948//627 1836//632 1835//631
f 1948//627 1837//633 1836//632
f 1948//627 1838//634 1837//633
f 1948//627 1839//635 1838//634
f 1948//627 1840//636 1839//635
f 1948//627 1841//637 1840//636
f 1948//627 1842//638 1841//637
f 1948//627 1843//639 1842//638
f 1948//627 1844//640 1843//639
f 1948//627 1845//641 1844//640
f 1948//627 1831//626 1947//611
f 1949//642 1845//641 1948//627
f 1949//642 1846//643 1845//641
f 1949//642 1847//644 1846//643
f 1949//642 1848//645 1847//644
f 1949//642 1849//646 1848//645
f 1949//642 1850//647 1849//646
f 1949//642 1851//648 1850//647
f 1949//642 1852//649 1851//648
f 1949//642 1853//650 1852//649
f 1949//642 1854//651 1853//650
f 1949//642 1855//652 1854//651
f 1949//642 1856//653 1855//652
f 1949//642 1857//654 1856//653
f 1949//642 1858//655 1857//654
f 1949//642 1859//656 1858//655
f 1950//657 1859//656 1949//642
f 1950//657 1860//658 1859//656
f 1950//657 1861//659 1860//658
f 1950//657 1862//660 1861//659
f 1950//657 1863//661 1862//660
f 1950//657 1864//662 1863//661
f 1950//657 1865//663 1864//662
f 1950//657 1866//664 1865//663
f 1950//657 1867//665 1866//664
f 1950//657 1868//666 1867//665
f 1950//657 1869//667 1868//666
f 1950//657 1870//668 1869//667
f 1950//657 1871//669 1870//668
f 1950//657 1872//670 1871//669
f 1950//657 1873//671 1872//670
f 1950//657 1874//672 1873//671
f 1951//673 1880//674 1879//675
f 1951//673 1881//676 1880//674
f 1951//673 1882//677 1881//676
f 1951//673 1883//678 1882//677
f 1951//673 1884//679 1883//678
f 1951//673 1885//680 1884//679
f 1951//673 1886//681 1885//680
f 1951//673 1887//682 1886//681
f 1951//673 1888//683 1887//682
f 1951//673 1874//672 1950//657
f 1951//673 1875//684 1874//672
f 1951//673 1876//685 1875//684
f 1951//673 1877//686 1876//685
f 1951//673 1878//687 1877//686
f 1951//673 1879//675 1878//687
f 1952//688 1889//689 1888//683
f 1952//688 1890//690 1889//689
f 1952//688 1891//691 1890//690
f 1952//688 1892//692 1891//691
f 1952//688 1893//693 1892//692
f 1952//688 1894//694 1893//693
f 1952//688 1895//695 1894//694
f 1952//688 1896//696 1895//695
f 1952//688 1897//697 1896//696
f 1952//688 1898//698 1897//697
f 1952//688 1899//699 1898//698
f 1952//688 1900//700 1899//699
f 1952//688 1901//701 1900//700
f 1952//688 1902//702 1901//701
f 1952//688 1903//703 1902//702
f 1952//688 1888//683 1951//673
f 1953//704 1903//703 1952//688
f 1953//704 1904//705 1903//703
f 1953//704 1905//706 1904//705
f 1953//704 1906//707 1905//706
f 1953//704 1907//708 1906//707
f 1953//704 1908//709 1907//708
f 1953//704 1909//710 1908//709
f 1953//704 1910//704 1909//710
f 1953//704 1911//711 1910//704
f 1953//704 1912//712 1911//711
f 1953//704 1913//713 1912//712
f 1953//704 1914//714 1913//713
f 1953//704 1915//715 1914//714
f 1953//704 1916//716 1915//715
f 1953//704 1917//717 1916//716
f 1954//718 1918//719 1917//717
f 1954//718 1919//720 1918//719
f 1954//718 1920//721 1919//720
f 1954//718 1921//722 1920//721
f 1954//718 1922//723 1921//722
f 1954//718 1923//724 1922//723
f 1954//718 1924//725 1923//724
f 1954//718 1925//726 1924//725
f 1954//718 1926//727 1925//726
f 1954//718 1927//728 1926//727
f 1954//718 1928//729 1927//728
f 1954//718 1929//730 1928//729
f 1954//718 1930//731 1929//730
f 1954//718 1931//732 1930//731
f 1954//718 1932//733 1931//732
f 1954//718 1917//717 1953//704
f 1943//734 1932//733 1954//718
f 1943//734 1933//735 1932//733
f 1943//734 1934//736 1933//735
f 1943//734 1935//737 1934//736
f 1943//734 1936//738 1935//737
f 1943//734 1937//739 1936//738
f 1943//734 1938//740 1937//739
f 1943//734 1939//741 1938//740
f 1942//742 1939//741 1943//734
s 0
f 1941//743 1939//743 1942//743
f 1940//743 1939//743 1941//743
s 1
f 1977//744 1966//744 1965//745
f 1977//744 1967//746 1966//744
f 1977//744 1978//746 1967//746
f 1976//745 1977//744 1965//745
f 1975//747 1965//745 1964//747
f 1975//747 1976//745 1965//745
f 1974//748 1963//748 1962//749
f 1974//748 1964//747 1963//748
f 1974//748 1975//747 1964//747
f 1973//749 1974//748 1962//749
f 1972//750 1961//750 1960//751
f 1972//750 1962//749 1961//750
f 1972//750 1973//749 1962//749
f 1971//751 1972//750 1960//751
f 1970//752 1960//751 1959//752
f 1970//752 1971//751 1960//751
f 1969//753 1959//752 1958//753
f 1969//753 1970//752 1959//752
f 1968//754 1958//753 1957//754
f 1968//754 1969//753 1958//753
f 1982//755 1983//755 1984//756
f 1981//756 1984//756 1985//757
f 1981//756 1982//755 1984//756
f 1980//757 1985//757 1986//758
f 1980//757 1981//756 1985//757
f 1979//759 1980//757 1986//758
f 1994//760 1987//760 1988//761
f 1993//761 1988//761 1989//762
f 1993//761 1994//760 1988//761
f 1992//762 1993//761 1989//762
f 1991//763 1989//762 1990//763
f 1991//763 1992//762 1989//762
f 1997//764 1998//765 1999//765
f 1997//764 1999//765 2000//764
f 1996//766 2000//764 2001//766
f 1996//766 1997//764 2000//764
f 1995//767 2001//766 2002//767
f 1995//767 1996//766 2001//766
f 2009//768 2003//769 2004//768
f 2009//768 2010//770 2003//769
f 2008//771 2004//768 2005//771
f 2008//771 2009//768 2004//768
f 2007//772 2005//771 2006//772
f 2007//772 2008//771 2005//771
f 2021//773 2012//774 2011//556
f 2021//773 2011//556 2013//773
f 2022//775 2013//773 2014//775
f 2022//775 2021//773 2013//773
f 2023//776 2014//775 2015//776
f 2023//776 2015//776 2016//777
f 2023//776 2022//775 2014//775
f 2024//777 2016//777 2017//778
f 2024//777 2023//776 2016//777
f 2025//778 2017//778 2018//779
f 2025//778 2024//777 2017//778
f 2026//779 2025//778 2018//779
f 2020//162 2018//779 2019//162
f 2020//162 2026//779 2018//779
f 2027//780 2035//770 2042//781
f 2028//781 2042//781 2041//782
f 2028//781 2027//780 2042//781
f 2029//782 2041//782 2040//783
f 2029//782 2028//781 2041//782
f 2030//784 2040//783 2039//785
f 2030//784 2029//782 2040//783
f 2031//785 2039//785 2038//786
f 2031//785 2030//784 2039//785
f 2032//786 2038//786 2037//787
f 2032//786 2031//785 2038//786
f 2033//787 2032//786 2037//787
f 2034//447 2037//787 2036//447
f 2034//447 2033//787 2037//787
f 2043//767 2051//767 2058//788
f 2044//788 2058//788 2057//789
f 2044//788 2043//767 2058//788
f 2045//789 2057//789 2056//790
f 2045//789 2044//788 2057//789
f 2046//790 2056//790 2055//791
f 2046//790 2045//789 2056//790
f 2047//791 2046//790 2055//791
f 2048//792 2054//792 2053//793
f 2048//792 2055//791 2054//792
f 2048//792 2047//791 2055//791
f 2049//793 2053//793 2052//460
f 2049//793 2048//792 2053//793
f 2050//460 2049//793 2052//460
f 2059//794 2067//759 2074//795
f 2060//795 2074//795 2073//796
f 2060//795 2059//794 2074//795
f 2061//796 2073//796 2072//797
f 2061//796 2060//795 2073//796
f 2062//798 2072//797 2071//799
f 2062//798 2061//796 2072//797
f 2063//799 2071//799 2070//800
f 2063//799 2062//798 2071//799
f 2064//800 2070//800 2069//801
f 2064//800 2063//799 2070//800
f 2065//801 2069//801 2068//475
f 2065//801 2064//800 2069//801
f 2066//475 2065//801 2068//475
f 2075//760 2083//760 2090//802
f 2076//802 2090//802 2089//803
f 2076//802 2075//760 2090//802
f 2077//803 2089//803 2088//804
f 2077//803 2076//802 2089//803
f 2078//804 2077//803 2088//804
f 2079//805 2088//804 2087//805
f 2079//805 2078//804 2088//804
f 2080//806 2086//806 2085//807
f 2080//806 2087//805 2086//806
f 2080//806 2079//805 2087//805
f 2081//807 2080//806 2085//807
f 2082//462 2085//807 2084//462
f 2082//462 2081//807 2085//807
s 0
f 2094//808 2091//808 2092//808
f 2094//808 2093//808 2091//808
f 2098//809 2095//809 2096//809
f 2098//809 2097//809 2095//809
f 2102//810 2099//810 2100//810
f 2102//810 2101//810 2099//810
f 2106//811 2103//811 2104//811
f 2106//811 2105//811 2103//811
f 2107//29 2108//29 2109//29
f 2110//29 2107//29 2109//29
f 2113//812 2111//812 2112//812
f 2114//812 2113//812 2112//812
f 2118//813 2115//813 2116//813
f 2118//813 2117//813 2115//813
f 2122//814 2119//814 2120//814
f 2122//814 2121//814 2119//814
f 2126//815 2123//815 2124//815
f 2126//815 2125//815 2123//815
f 2129//29 2127//29 2128//29
f 2129//29 2128//29 2130//29
f 2134//816 2131//816 2132//816
f 2134//816 2133//816 2131//816
f 2138//817 2135//817 2136//817
f 2138//817 2137//817 2135//817
f 2142//818 2139//818 2140//818
f 2142//818 2141//818 2139//818
f 2146//819 2143//819 2144//819
f 2146//819 2145//819 2143//819
f 2147//29 2148//29 2149//29
f 2150//29 2147//29 2149//29
f 2153//820 2151//820 2152//820
f 2154//820 2153//820 2152//820
f 2158//821 2155//821 2156//821
f 2158//821 2157//821 2155//821
f 2162//822 2159//822 2160//822
f 2162//822 2161//822 2159//822
f 2165//823 2163//823 2164//823
f 2166//823 2165//823 2164//823
f 2169//29 2167//29 2168//29
f 2169//29 2168//29 2170//29
f 2174//824 2171//824 2172//824
f 2174//824 2173//824 2171//824
f 2178//825 2175//825 2176//825
f 2178//825 2177//825 2175//825
f 2181//826 2179//826 2180//826
f 2182//826 2181//826 2180//826
f 2186//827 2183//827 2184//827
f 2186//827 2185//827 2183//827
f 2187//29 2188//29 2189//29
f 2190//29 2187//29 2189//29
f 2193//828 2191//828 2192//828
f 2194//828 2193//828 2192//828
f 2198//829 2195//829 2196//829
f 2198//829 2197//829 2195//829
f 2202//830 2199//830 2200//830
f 2202//830 2201//830 2199//830
f 2205//831 2203//831 2204//831
f 2206//831 2205//831 2204//831
f 2210//29 2207//29 2208//29
f 2209//29 2207//29 2210//29
f 2214//832 2211//832 2212//832
f 2214//832 2213//832 2211//832
f 2218//833 2215//833 2216//833
f 2218//833 2217//833 2215//833
f 2222//834 2219//834 2220//834
f 2222//834 2221//834 2219//834
f 2226//835 2223//835 2224//835
f 2226//835 2225//835 2223//835
f 2230//29 2227//29 2228//29
f 2230//29 2228//29 2229//29
f 2234//836 2231//836 2232//836
f 2234//836 2233//836 2231//836
f 2238//837 2235//837 2236//837
f 2238//837 2237//837 2235//837
f 2242//838 2239//838 2240//838
f 2242//838 2241//838 2239//838
f 2245//839 2243//839 2244//839
f 2246//839 2245//839 2244//839
f 2249//29 2247//29 2248//29
f 2249//29 2248//29 2250//29
f 2253//840 2251//840 2252//840
f 2254//840 2253//840 2252//840
f 2258//841 2255//841 2256//841
f 2258//841 2257//841 2255//841
f 2262//842 2259//842 2260//842
f 2262//842 2261//842 2259//842
f 2266//843 2263//843 2264//843
f 2266//843 2265//843 2263//843
f 2270//29 2267//29 2268//29
f 2270//29 2268//29 2269//29
f 2273//844 2271//844 2272//844
f 2274//844 2273//844 2272//844
f 2277//845 2275//845 2276//845
f 2278//845 2277//845 2276//845
f 2282//846 2279//846 2280//846
f 2282//846 2281//846 2279//846
f 2285//847 2283//847 2284//847
f 2286//847 2285//847 2284//847
f 2288//29 2289//29 2287//29
f 2290//29 2289//29 2288//29
f 2294//848 2291//848 2292//848
f 2294//848 2293//848 2291//848
f 2298//227 2295//227 2296//227
f 2298//227 2297//227 2295//227
f 2302//417 2299//417 2300//417
f 2302//417 2301//417 2299//417
f 2305//849 2303//849 2304//849
f 2306//849 2305//849 2304//849
f 2310//29 2307//29 2308//29
f 2310//29 2308//29 2309//29
f 2313//850 2311//850 2312//850
f 2314//850 2313//850 2312//850
f 2318//851 2315//851 2316//851
f 2318//851 2317//851 2315//851
f 2322//852 2319//852 2320//852
f 2322//852 2321//852 2319//852
f 2326//853 2323//853 2324//853
f 2326//853 2325//853 2323//853
f 2330//29 2327//29 2328//29
f 2329//29 2327//29 2330//29
f 2334//534 2331//534 2332//534
f 2334//534 2333//534 2331//534
f 2338//854 2335//854 2336//854
f 2338//854 2337//854 2335//854
f 2342//533 2339//533 2340//533
f 2342//533 2341//533 2339//533
f 2346//855 2343//855 2344//855
f 2346//855 2345//855 2343//855
f 2350//29 2347//29 2348//29
f 2350//29 2348//29 2349//29
f 2354//856 2351//856 2352//856
f 2354//856 2353//856 2351//856
f 2358//857 2355//857 2356//857
f 2358//857 2357//857 2355//857
f 2362//858 2359//858 2360//858
f 2362//858 2361//858 2359//858
f 2366//859 2363//859 2364//859
f 2366//859 2365//859 2363//859
f 2369//29 2367//29 2368//29
f 2369//29 2368//29 2370//29
f 2374//504 2371//504 2372//504
f 2374//504 2373//504 2371//504
f 2378//860 2375//860 2376//860
f 2378//860 2377//860 2375//860
f 2382//490 2379//490 2380//490
f 2382//490 2381//490 2379//490
f 2386//861 2383//861 2384//861
f 2386//861 2385//861 2383//861
f 2389//29 2390//29 2387//29
f 2388//29 2389//29 2387//29
f 2394//862 2391//862 2392//862
f 2394//862 2393//862 2391//862
f 2398//863 2395//863 2396//863
f 2398//863 2397//863 2395//863
f 2402//864 2399//864 2400//864
f 2402//864 2401//864 2399//864
f 2406//865 2403//865 2404//865
f 2406//865 2405//865 2403//865
f 2410//29 2407//29 2408//29
f 2409//29 2407//29 2410//29
f 2414//420 2411//420 2412//420
f 2414//420 2413//420 2411//420
f 2418//203 2415//203 2416//203
f 2418//203 2417//203 2415//203
f 2422//866 2419//866 2420//866
f 2422//866 2421//866 2419//866
f 2426//867 2423//867 2424//867
f 2426//867 2425//867 2423//867
f 2427//29 2428//29 2429//29
f 2430//29 2427//29 2429//29
f 2434//868 2431//868 2432//868
f 2434//868 2433//868 2431//868
f 2438//869 2435//869 2436//869
f 2438//869 2437//869 2435//869
f 2442//870 2439//870 2440//870
f 2442//870 2441//870 2439//870
f 2446//871 2443//871 2444//871
f 2446//871 2445//871 2443//871
f 2450//29 2447//29 2448//29
f 2450//29 2449//29 2447//29
f 2452//155 2453//155 2451//155
f 2452//155 2454//155 2453//155
f 2457//548 2455//548 2456//548
f 2457//548 2456//548 2458//548
f 2461//749 2459//749 2460//749
f 2461//749 2460//749 2462//749
f 2464//536 2465//536 2463//536
f 2464//536 2466//536 2465//536
f 2468//29 2469//29 2467//29
f 2470//29 2469//29 2468//29
f 2474//872 2471//872 2472//872
f 2474//872 2473//872 2471//872
f 2478//873 2475//873 2476//873
f 2478//873 2477//873 2475//873
f 2482//874 2479//874 2480//874
f 2482//874 2481//874 2479//874
f 2486//875 2483//875 2484//875
f 2486//875 2485//875 2483//875
f 2487//29 2488//29 2489//29
f 2490//29 2487//29 2489//29
f 2493//876 2491//876 2492//876
f 2494//876 2493//876 2492//876
f 2498//877 2495//877 2496//877
f 2498//877 2497//877 2495//877
f 2502//878 2499//878 2500//878
f 2502//878 2501//878 2499//878
f 2506//879 2503//879 2504//879
f 2506//879 2505//879 2503//879
f 2509//29 2507//29 2508//29
f 2510//29 2507//29 2509//29
f 2513//880 2511//880 2512//880
f 2514//880 2513//880 2512//880
f 2518//881 2515//881 2516//881
f 2518//881 2517//881 2515//881
f 2522//882 2519//882 2520//882
f 2522//882 2521//882 2519//882
f 2525//883 2523//883 2524//883
s 1
f 2526//883 2525//883 2524//883
s 0
f 2529//29 2527//29 2528//29
f 2529//29 2528//29 2530//29
f 2534//884 2531//884 2532//884
f 2534//884 2533//884 2531//884
f 2538//885 2535//885 2536//885
f 2538//885 2537//885 2535//885
f 2542//886 2539//886 2540//886
f 2542//886 2541//886 2539//886
f 2545//887 2543//887 2544//887
f 2546//887 2545//887 2544//887
f 2549//29 2547//29 2548//29
f 2549//29 2548//29 2550//29
f 2554//888 2551//888 2552//888
f 2554//888 2553//888 2551//888
f 2558//889 2555//889 2556//889
f 2558//889 2557//889 2555//889
f 2562//890 2559//890 2560//890
f 2562//890 2561//890 2559//890
f 2566//891 2563//891 2564//891
f 2566//891 2565//891 2563//891
f 2570//29 2567//29 2568//29
f 2569//29 2567//29 2570//29
f 2574//892 2571//892 2572//892
f 2574//892 2573//892 2571//892
f 2578//893 2575//893 2576//893
f 2578//893 2577//893 2575//893
f 2582//894 2579//894 2580//894
f 2582//894 2581//894 2579//894
f 2586//895 2583//895 2584//895
f 2586//895 2585//895 2583//895
f 2587//29 2588//29 2589//29
f 2590//29 2587//29 2589//29
f 2593//896 2591//896 2592//896
f 2594//896 2593//896 2592//896
f 2598//897 2595//897 2596//897
f 2598//897 2597//897 2595//897
f 2602//898 2599//898 2600//898
f 2602//898 2601//898 2599//898
f 2606//899 2603//899 2604//899
f 2606//899 2605//899 2603//899
f 2610//29 2607//29 2608//29
f 2610//29 2608//29 2609//29
f 2614//850 2611//850 2612//850
f 2614//850 2613//850 2611//850
f 2618//851 2615//851 2616//851
f 2618//851 2617//851 2615//851
f 2622//852 2619//852 2620//852
f 2622//852 2621//852 2619//852
f 2625//853 2623//853 2624//853
f 2626//853 2625//853 2624//853
f 2629//29 2627//29 2628//29
f 2629//29 2628//29 2630//29
f 2633//848 2631//848 2632//848
f 2634//848 2633//848 2632//848
f 2638//227 2635//227 2636//227
f 2638//227 2637//227 2635//227
f 2642//417 2639//417 2640//417
f 2642//417 2641//417 2639//417
f 2646//849 2643//849 2644//849
f 2646//849 2645//849 2643//849
f 2647//29 2648//29 2649//29
f 2650//29 2647//29 2649//29
f 2653//840 2651//840 2652//840
f 2654//840 2653//840 2652//840
f 2657//841 2655//841 2656//841
f 2658//841 2657//841 2656//841
f 2662//842 2659//842 2660//842
f 2662//842 2661//842 2659//842
s 1
f 2666//843 2663//843 2664//843
s 0
f 2666//843 2665//843 2663//843
f 2670//29 2667//29 2668//29
f 2670//29 2668//29 2669//29
f 2674//812 2671//812 2672//812
f 2674//812 2673//812 2671//812
f 2678//813 2675//813 2676//813
f 2678//813 2677//813 2675//813
f 2682//814 2679//814 2680//814
f 2682//814 2681//814 2679//814
f 2686//815 2683//815 2684//815
f 2686//815 2685//815 2683//815
f 2689//29 2687//29 2688//29
f 2689//29 2688//29 2690//29
f 2693//868 2691//868 2692//868
f 2694//868 2693//868 2692//868
f 2698//869 2695//869 2696//869
f 2698//869 2697//869 2695//869
f 2702//870 2699//870 2700//870
f 2702//870 2701//870 2699//870
f 2706//871 2703//871 2704//871
f 2706//871 2705//871 2703//871
f 2710//29 2707//29 2708//29
f 2710//29 2709//29 2707//29
f 2713//548 2711//548 2712//548
f 2713//548 2712//548 2714//548
f 2717//749 2715//749 2716//749
f 2717//749 2716//749 2718//749
f 2720//536 2721//536 2719//536
f 2720//536 2722//536 2721//536
f 2724//155 2725//155 2723//155
f 2724//155 2726//155 2725//155
f 2729//29 2727//29 2728//29
f 2729//29 2728//29 2730//29
f 2734//832 2731//832 2732//832
f 2734//832 2733//832 2731//832
f 2738//833 2735//833 2736//833
f 2738//833 2737//833 2735//833
f 2742//834 2739//834 2740//834
f 2742//834 2741//834 2739//834
f 2745//835 2743//835 2744//835
f 2746//835 2745//835 2744//835
f 2750//29 2747//29 2748//29
f 2750//29 2748//29 2749//29
f 2753//836 2751//836 2752//836
f 2754//836 2753//836 2752//836
f 2758//837 2755//837 2756//837
f 2758//837 2757//837 2755//837
f 2762//838 2759//838 2760//838
s 1
f 2762//838 2761//838 2759//838
s 0
f 2766//839 2763//839 2764//839
f 2766//839 2765//839 2763//839
f 2769//29 2767//29 2768//29
f 2769//29 2768//29 2770//29
f 2774//534 2771//534 2772//534
f 2774//534 2773//534 2771//534
s 1
f 2778//854 2775//854 2776//854
s 0
f 2778//900 2777//900 2775//900
f 2781//533 2779//533 2780//533
s 1
f 2782//533 2781//533 2780//533
s 0
f 2786//855 2783//855 2784//855
f 2786//855 2785//855 2783//855
f 2787//29 2788//29 2789//29
f 2790//29 2787//29 2789//29
f 2793//901 2791//901 2792//901
f 2794//901 2793//901 2792//901
f 2798//902 2795//902 2796//902
f 2798//902 2797//902 2795//902
f 2801//903 2799//903 2800//903
f 2802//903 2801//903 2800//903
f 2806//904 2803//904 2804//904
f 2806//904 2805//904 2803//904
f 2809//29 2807//29 2808//29
f 2809//29 2808//29 2810//29
f 2814//884 2811//884 2812//884
f 2814//884 2813//884 2811//884
f 2818//885 2815//885 2816//885
f 2818//885 2817//885 2815//885
f 2822//886 2819//886 2820//886
f 2822//886 2821//886 2819//886
f 2826//887 2823//887 2824//887
f 2826//887 2825//887 2823//887
f 2830//29 2827//29 2828//29
f 2829//29 2827//29 2830//29
f 2834//203 2831//203 2832//203
f 2834//203 2833//203 2831//203
f 2838//866 2835//866 2836//866
f 2838//866 2837//866 2835//866
f 2842//867 2839//867 2840//867
f 2842//867 2841//867 2839//867
f 2846//420 2843//420 2844//420
f 2846//420 2845//420 2843//420
f 2850//29 2847//29 2848//29
f 2850//29 2849//29 2847//29
f 2853//845 2851//845 2852//845
f 2854//845 2853//845 2852//845
f 2858//846 2855//846 2856//846
f 2858//846 2857//846 2855//846
f 2862//847 2859//847 2860//847
f 2862//847 2861//847 2859//847
f 2866//844 2863//844 2864//844
f 2866//844 2865//844 2863//844
f 2870//29 2867//29 2868//29
f 2869//29 2867//29 2870//29
f 2874//816 2871//816 2872//816
f 2874//816 2873//816 2871//816
f 2878//817 2875//817 2876//817
f 2878//817 2877//817 2875//817
f 2882//818 2879//818 2880//818
f 2882//818 2881//818 2879//818
f 2886//819 2883//819 2884//819
f 2886//819 2885//819 2883//819
f 2890//29 2887//29 2888//29
f 2890//29 2888//29 2889//29
f 2894//901 2891//901 2892//901
f 2894//901 2893//901 2891//901
f 2898//902 2895//902 2896//902
f 2898//902 2897//902 2895//902
f 2902//903 2899//903 2900//903
f 2902//903 2901//903 2899//903
f 2905//904 2903//904 2904//904
f 2906//904 2905//904 2904//904
f 2910//29 2907//29 2908//29
f 2909//29 2907//29 2910//29
f 2914//896 2911//896 2912//896
f 2914//896 2913//896 2911//896
f 2918//897 2915//897 2916//897
f 2918//897 2917//897 2915//897
f 2922//898 2919//898 2920//898
f 2922//898 2921//898 2919//898
f 2925//899 2923//899 2924//899
f 2926//899 2925//899 2924//899
f 2930//29 2927//29 2928//29
f 2930//29 2928//29 2929//29
s 1
f 2934//891 2931//891 2932//891
s 0
f 2934//891 2933//891 2931//891
f 2938//888 2935//888 2936//888
f 2938//888 2937//888 2935//888
f 2942//889 2939//889 2940//889
f 2942//889 2941//889 2939//889
f 2946//890 2943//890 2944//890
f 2946//890 2945//890 2943//890
f 2948//29 2949//29 2947//29
f 2950//29 2949//29 2948//29
f 2954//892 2951//892 2952//892
f 2954//892 2953//892 2951//892
f 2958//893 2955//893 2956//893
f 2958//893 2957//893 2955//893
f 2962//894 2959//894 2960//894
f 2962//894 2961//894 2959//894
f 2965//895 2963//895 2964//895
f 2966//895 2965//895 2964//895
f 2970//29 2967//29 2968//29
f 2970//29 2968//29 2969//29
s 1
f 2973//862 2971//862 2972//862
s 0
f 2974//862 2973//862 2972//862
f 2978//863 2975//863 2976//863
f 2978//863 2977//863 2975//863
f 2982//864 2979//864 2980//864
f 2982//864 2981//864 2979//864
f 2985//865 2983//865 2984//865
f 2986//865 2985//865 2984//865
f 2990//29 2987//29 2988//29
f 2989//29 2987//29 2990//29
f 2994//824 2991//824 2992//824
f 2994//824 2993//824 2991//824
f 2998//825 2995//825 2996//825
f 2998//825 2997//825 2995//825
f 3002//826 2999//826 3000//826
f 3002//826 3001//826 2999//826
f 3006//827 3003//827 3004//827
f 3006//827 3005//827 3003//827
f 3007//29 3008//29 3009//29
f 3010//29 3007//29 3009//29
f 3014//856 3011//856 3012//856
f 3014//856 3013//856 3011//856
f 3018//857 3015//857 3016//857
f 3018//857 3017//857 3015//857
f 3022//858 3019//858 3020//858
f 3022//858 3021//858 3019//858
f 3025//859 3023//859 3024//859
f 3026//859 3025//859 3024//859
f 3030//29 3027//29 3028//29
f 3029//29 3027//29 3030//29
f 3034//880 3031//880 3032//880
f 3034//880 3033//880 3031//880
f 3038//881 3035//881 3036//881
f 3038//881 3037//881 3035//881
f 3042//882 3039//882 3040//882
f 3042//882 3041//882 3039//882
f 3046//883 3043//883 3044//883
f 3046//883 3045//883 3043//883
f 3049//29 3047//29 3048//29
f 3049//29 3048//29 3050//29
f 3054//823 3051//823 3052//823
f 3054//823 3053//823 3051//823
f 3058//820 3055//820 3056//820
f 3058//820 3057//820 3055//820
f 3062//821 3059//821 3060//821
f 3062//821 3061//821 3059//821
f 3066//822 3063//822 3064//822
f 3066//822 3065//822 3063//822
f 3070//29 3067//29 3068//29
f 3070//29 3069//29 3067//29
f 3074//873 3071//873 3072//873
f 3074//873 3073//873 3071//873
f 3078//874 3075//874 3076//874
f 3078//874 3077//874 3075//874
f 3082//875 3079//875 3080//875
f 3082//875 3081//875 3079//875
f 3086//872 3083//872 3084//872
f 3086//872 3085//872 3083//872
f 3090//29 3087//29 3088//29
f 3090//29 3089//29 3087//29
f 3094//828 3091//828 3092//828
f 3094//828 3093//828 3091//828
f 3098//829 3095//829 3096//829
f 3098//829 3097//829 3095//829
f 3102//830 3099//830 3100//830
f 3102//830 3101//830 3099//830
f 3106//831 3103//831 3104//831
f 3106//831 3105//831 3103//831
f 3110//29 3107//29 3108//29
f 3109//29 3107//29 3110//29
s 1
f 3114//490 3111//490 3112//490
s 0
f 3114//490 3113//490 3111//490
s 1
f 3118//861 3115//861 3116//861
s 0
f 3118//861 3117//861 3115//861
f 3122//504 3119//504 3120//504
f 3122//504 3121//504 3119//504
f 3126//860 3123//860 3124//860
f 3126//860 3125//860 3123//860
f 3130//29 3127//29 3128//29
f 3130//29 3128//29 3129//29
s 1
f 3140//905 3137//550 3136//905
f 3140//905 3139//550 3137//550
f 3141//906 3136//905 3135//906
f 3141//906 3140//905 3136//905
f 3142//907 3135//906 3134//907
f 3142//907 3141//906 3135//906
f 3143//908 3134//907 3133//908
f 3143//908 3142//907 3134//907
f 3144//909 3133//908 3132//909
f 3144//909 3143//908 3133//908
f 3138//432 3132//909 3131//432
f 3138//432 3144//909 3132//909
f 3154//910 3151//554 3150//910
f 3154//910 3153//554 3151//554
f 3155//911 3150//910 3149//911
f 3155//911 3154//910 3150//910
f 3156//912 3149//911 3148//912
f 3156//912 3155//911 3149//911
f 3157//913 3148//912 3147//913
f 3157//913 3156//912 3148//912
f 3158//914 3147//913 3146//914
f 3158//914 3157//913 3147//913
f 3152//445 3146//914 3145//445
f 3152//445 3158//914 3146//914
s 0
f 3159//749 3162//749 3161//749
f 3160//749 3162//749 3159//749
f 3176//29 3177//29 3178//29
f 3175//29 3176//29 3178//29
f 3179//29 3172//29 3173//29
f 3179//29 3173//29 3174//29
f 3179//29 3174//29 3175//29
f 3179//29 3175//29 3178//29
f 3203//29 3179//29 3180//29
f 3203//29 3180//29 3181//29
f 3203//29 3181//29 3182//29
f 3203//29 3172//29 3179//29
f 3190//29 3186//29 3187//29
f 3189//29 3190//29 3187//29
f 3191//29 3186//29 3190//29
f 3188//29 3189//29 3187//29
f 3192//29 3186//29 3191//29
f 3193//29 3186//29 3192//29
f 3171//29 3172//29 3203//29
f 3169//29 3170//29 3171//29
f 3168//29 3169//29 3171//29
f 3204//29 3171//29 3203//29
f 3202//29 3182//29 3183//29
f 3202//29 3183//29 3184//29
f 3202//29 3184//29 3185//29
f 3202//29 3185//29 3186//29
f 3202//29 3203//29 3182//29
f 3202//29 3186//29 3193//29
f 3166//29 3167//29 3168//29
f 3163//29 3171//29 3204//29
f 3163//29 3165//29 3166//29
f 3163//29 3166//29 3168//29
f 3163//29 3168//29 3171//29
f 3201//29 3163//29 3204//29
f 3194//29 3202//29 3193//29
f 3194//29 3201//29 3202//29
f 3164//29 3201//29 3194//29
f 3164//29 3163//29 3201//29
f 3195//29 3164//29 3194//29
f 3199//29 3164//29 3195//29
f 3199//29 3200//29 3164//29
f 3198//29 3199//29 3195//29
f 3198//29 3195//29 3196//29
f 3198//29 3196//29 3197//29
f 3208//749 3206//749 3205//749
f 3208//749 3205//749 3207//749
f 3209//536 3210//536 3211//536
f 3209//536 3211//536 3212//536
f 3215//548 3214//548 3213//548
f 3215//548 3216//548 3214//548
f 3217//548 3219//548 3220//548
f 3217//548 3220//548 3218//548
f 3221//536 3223//536 3224//536
f 3221//536 3224//536 3222//536
f 3227//155 3226//155 3225//155
f 3227//155 3228//155 3226//155
s 1
f 3229//153 3233//153 3236//915
f 3230//915 3236//915 3235//916
f 3230//915 3229//153 3236//915
f 3231//916 3235//916 3234//749
f 3231//916 3230//915 3235//916
f 3232//749 3231//916 3234//749
f 3253//917 3246//918 3247//749
f 3238//919 3237//153 3245//915
f 3238//919 3245//915 3246//918
f 3238//919 3253//917 3252//920
f 3238//919 3246//918 3253//917
f 3239//921 3238//919 3252//920
f 3240//922 3252//920 3251//923
f 3240//922 3239//921 3252//920
f 3241//924 3251//923 3250//925
f 3241//924 3240//922 3251//923
f 3242//926 3250//925 3249//927
f 3242//926 3241//924 3250//925
f 3243//928 3249//927 3248//929
f 3243//928 3242//926 3249//927
f 3244//29 3243//928 3248//929
f 3254//29 3262//29 3263//929
f 3255//929 3254//29 3263//929
f 3256//927 3263//929 3264//927
f 3256//927 3255//929 3263//929
f 3257//925 3264//927 3265//925
f 3257//925 3256//927 3264//927
f 3258//923 3265//925 3266//923
f 3258//923 3257//925 3265//925
f 3259//920 3266//923 3267//920
f 3259//920 3258//923 3266//923
f 3260//917 3267//920 3268//917
f 3260//917 3259//920 3267//920
f 3261//749 3268//917 3269//749
f 3261//749 3260//917 3268//917
f 3276//930 3285//931 3277//154
f 3276//930 3286//932 3285//931
f 3283//917 3284//749 3286//932
f 3283//917 3286//932 3276//930
f 3282//920 3275//933 3274//934
f 3282//920 3276//930 3275//933
f 3282//920 3283//917 3276//930
f 3281//923 3282//920 3274//934
f 3273//935 3281//923 3274//934
f 3280//925 3281//923 3273//935
f 3272//936 3280//925 3273//935
f 3279//927 3280//925 3272//936
f 3271//937 3279//927 3272//936
f 3278//929 3279//927 3271//937
f 3270//29 3278//929 3271//937
f 3293//931 3287//154 3288//931
f 3293//931 3292//154 3287//154
f 3294//932 3288//931 3289//932
f 3294//932 3293//931 3288//931
f 3291//749 3289//932 3290//749
f 3291//749 3294//932 3289//932
f 3305//938 3302//155 3301//938
f 3305//938 3304//155 3302//155
f 3306//939 3300//939 3299//940
f 3306//939 3301//938 3300//939
f 3306//939 3305//938 3301//938
f 3307//940 3306//939 3299//940
f 3308//941 3299//940 3298//941
f 3308//941 3307//940 3299//940
f 3309//942 3298//941 3297//942
f 3309//942 3308//941 3298//941
f 3310//943 3297//942 3296//943
f 3310//943 3309//942 3297//942
f 3303//536 3296//943 3295//536
f 3303//536 3310//943 3296//943
f 3321//944 3318//548 3317//944
f 3321//944 3320//548 3318//548
f 3322//945 3316//945 3315//946
f 3322//945 3317//944 3316//945
f 3322//945 3321//944 3317//944
f 3323//946 3322//945 3315//946
f 3324//947 3315//946 3314//947
f 3324//947 3323//946 3315//946
f 3325//948 3314//947 3313//948
f 3325//948 3324//947 3314//947
f 3326//949 3313//948 3312//949
f 3326//949 3325//948 3313//948
f 3319//155 3312//949 3311//155
f 3319//155 3326//949 3312//949
f 3337//950 3334//548 3333//950
f 3337//950 3336//548 3334//548
f 3338//951 3333//950 3332//951
f 3338//951 3337//950 3333//950
f 3339//952 3332//951 3331//952
f 3339//952 3338//951 3332//951
f 3340//953 3331//952 3330//953
f 3340//953 3339//952 3331//952
f 3341//954 3330//953 3329//954
f 3341//954 3340//953 3330//953
f 3342//955 3329//954 3328//955
f 3342//955 3341//954 3329//954
f 3335//749 3328//955 3327//749
f 3335//749 3342//955 3328//955
f 3353//956 3350//749 3349//956
f 3353//956 3352//749 3350//749
f 3354//957 3349//956 3348//957
f 3354//957 3353//956 3349//956
f 3355//958 3348//957 3347//958
f 3355//958 3354//957 3348//957
f 3356//959 3347//958 3346//959
f 3356//959 3355//958 3347//958
f 3357//960 3346//959 3345//960
f 3357//960 3356//959 3346//959
f 3358//961 3345//960 3344//961
f 3358//961 3357//960 3345//960
f 3351//536 3344//961 3343//536
f 3351//536 3358//961 3344//961
s 0
f 3359//29 3362//29 3361//29
f 3360//29 3362//29 3359//29
f 3365//29 3363//29 3364//29
f 3366//29 3363//29 3365//29
s 1
f 3373//962 3371//962 3370//963
f 3374//964 3370//963 3369//965
f 3374//964 3373//962 3370//963
f 3375//966 3369//965 3368//967
f 3375//966 3374//964 3369//965
f 3376//968 3368//967 3367//29
f 3376//968 3375//966 3368//967
f 3372//29 3376//968 3367//29
f 3384//969 3377//970 3378//969
f 3384//969 3383//970 3377//970
f 3385//971 3378//969 3379//971
f 3385//971 3384//969 3378//969
f 3386//972 3379//971 3380//972
f 3386//972 3385//971 3379//971
f 3382//29 3380//972 3381//29
f 3382//29 3386//972 3380//972
f 3390//973 3391//974 3392//974
f 3390//973 3396//973 3395//975
f 3390//973 3392//974 3396//973
f 3389//975 3395//975 3394//976
f 3389//975 3390//973 3395//975
f 3388//976 3389//975 3394//976
f 3387//29 3394//976 3393//29
f 3387//29 3388//976 3394//976
f 3405//977 3397//978 3398//979
f 3405//977 3406//978 3397//978
f 3404//980 3398//979 3399//981
f 3404//980 3405//977 3398//979
f 3403//982 3399//981 3400//983
f 3403//982 3404//980 3399//981
f 3402//29 3400//983 3401//29
f 3402//29 3403//982 3400//983
f 3407//29 3412//29 3416//972
f 3408//984 3416//972 3415//971
f 3408//984 3407//29 3416//972
f 3409//985 3415//971 3414//969
f 3409//985 3408//984 3415//971
f 3410//986 3414//969 3413//970
f 3410//986 3409//985 3414//969
f 3411//970 3410//986 3413//970
f 3420//983 3421//29 3422//29
f 3420//983 3426//983 3425//981
f 3420//983 3422//29 3426//983
f 3419//981 3425//981 3424//979
f 3419//981 3420//983 3425//981
f 3418//979 3419//981 3424//979
f 3417//978 3424//979 3423//978
f 3417//978 3418//979 3424//979
f 3434//967 3427//29 3428//967
f 3434//967 3433//29 3427//29
f 3435//965 3428//967 3429//965
f 3435//965 3434//967 3428//967
f 3436//963 3429//965 3430//963
f 3436//963 3435//965 3429//965
f 3432//962 3430//963 3431//962
f 3432//962 3436//963 3430//963
f 3440//987 3441//29 3442//29
f 3440//987 3442//29 3443//976
f 3439//988 3443//976 3444//975
f 3439//988 3440//987 3443//976
f 3438//989 3444//975 3445//973
f 3438//989 3439//988 3444//975
f 3437//974 3445//973 3446//974
f 3437//974 3438//989 3445//973
f 3452//990 3454//548 3453//548
f 3452//990 3455//991 3454//548
f 3451//992 3456//992 3455//991
f 3451//992 3455//991 3452//990
f 3450//993 3457//994 3456//992
f 3450//993 3458//995 3457//994
f 3450//993 3456//992 3451//992
f 3449//995 3447//185 3458//995
f 3449//995 3458//995 3450//993
f 3448//185 3447//185 3449//995
f 3470//996 3460//536 3459//536
f 3470//996 3461//997 3460//536
f 3469//998 3462//998 3461//997
f 3469//998 3461//997 3470//996
f 3468//999 3463//1000 3462//998
f 3468//999 3462//998 3469//998
f 3467//1001 3464//1001 3463//1000
f 3467//1001 3463//1000 3468//999
f 3466//172 3465//172 3464//1001
f 3466//172 3464//1001 3467//1001
f 3479//548 3481//944 3480//548
f 3478//944 3482//945 3481//944
f 3478//944 3481//944 3479//548
f 3477//945 3483//946 3482//945
f 3477//945 3482//945 3478//944
f 3476//946 3484//947 3483//946
f 3476//946 3483//946 3477//945
f 3475//947 3485//948 3484//947
f 3475//947 3484//947 3476//946
f 3474//948 3485//948 3475//947
f 3473//949 3486//949 3485//948
f 3473//949 3471//155 3486//949
f 3473//949 3485//948 3474//948
f 3472//155 3471//155 3473//949
f 3494//938 3496//155 3495//155
f 3494//938 3497//938 3496//155
f 3493//939 3498//939 3497//938
f 3493//939 3499//940 3498//939
f 3493//939 3497//938 3494//938
f 3492//940 3499//940 3493//939
f 3491//941 3500//941 3499//940
f 3491//941 3499//940 3492//940
f 3490//942 3501//942 3500//941
f 3490//942 3500//941 3491//941
f 3489//943 3502//943 3501//942
f 3489//943 3501//942 3490//942
f 3488//536 3487//536 3502//943
f 3488//536 3502//943 3489//943
f 3506//233 3503//233 3507//233
s 0
f 3503//233 3505//233 3504//233
f 3503//233 3506//233 3505//233
f 3509//476 3510//476 3508//476
f 3509//476 3511//476 3510//476
f 3519//162 3517//162 3518//162
f 3515//162 3516//162 3519//162
f 3514//162 3515//162 3519//162
f 3513//162 3514//162 3519//162
f 3512//162 3521//162 3522//162
f 3523//162 3527//162 3512//162
f 3523//162 3512//162 3522//162
f 3524//162 3527//162 3523//162
f 3526//162 3524//162 3525//162
f 3526//162 3527//162 3524//162
f 3512//162 3513//162 3520//162
s 1
f 3512//162 3520//162 3521//162
s 0
f 3516//1002 3517//1002 3519//1002
f 3519//162 3520//162 3513//162
s 1
f 3538//1003 3529//1004 3539//1005
f 3540//1006 3539//1005 3529//1004
f 3528//1004 3529//1004 3538//1003
f 3541//1007 3529//1004 3535//1008
f 3541//1007 3540//1006 3529//1004
f 3542//1009 3535//1008 3534//1010
f 3542//1009 3541//1007 3535//1008
f 3543//1011 3542//1009 3534//1010
f 3544//1012 3534//1010 3533//1013
f 3544//1012 3543//1011 3534//1010
f 3545//1014 3544//1012 3533//1013
f 3546//1015 3533//1013 3532//1016
f 3546//1015 3545//1014 3533//1013
f 3547//1017 3532//1016 3531//1018
f 3547//1017 3546//1015 3532//1016
f 3537//1019 3531//1018 3530//29
f 3537//1019 3547//1017 3531//1018
f 3536//29 3537//1019 3530//29
f 3548//1020 3556//1021 3555//1022
f 3548//1020 3557//1023 3556//1021
f 3548//1020 3558//1024 3557//1023
f 3548//1020 3559//1025 3558//1024
f 3562//1026 3555//1022 3554//1027
f 3562//1026 3548//1020 3555//1022
f 3563//1028 3554//1027 3553//1029
f 3563//1028 3562//1026 3554//1027
f 3564//1030 3553//1029 3552//1031
f 3564//1030 3563//1028 3553//1029
f 3565//1032 3552//1031 3551//1033
f 3565//1032 3564//1030 3552//1031
f 3566//1034 3551//1033 3550//1035
f 3566//1034 3565//1032 3551//1033
f 3561//29 3550//1035 3560//29
f 3561//29 3566//1034 3550//1035
f 3548//1020 3549//1020 3559//1025
f 3568//1036 3579//1037 3569//1038
f 3570//1039 3569//1038 3579//1037
f 3567//1037 3579//1037 3568//1036
f 3571//1040 3579//1037 3585//1041
f 3571//1040 3570//1039 3579//1037
f 3572//1042 3585//1041 3584//1043
f 3572//1042 3571//1040 3585//1041
f 3573//1044 3572//1042 3584//1043
f 3574//1045 3584//1043 3583//1046
f 3574//1045 3573//1044 3584//1043
f 3575//1047 3574//1045 3583//1046
f 3576//1048 3583//1046 3582//1049
f 3576//1048 3575//1047 3583//1046
f 3577//1050 3582//1049 3581//1051
f 3577//1050 3576//1048 3582//1049
f 3578//1052 3581//1051 3580//29
f 3578//1052 3577//1050 3581//1051
f 3586//29 3578//1052 3580//29
f 3587//1053 3601//1054 3600//1055
f 3587//1053 3602//1056 3601//1054
f 3587//1053 3603//1057 3602//1056
f 3587//1053 3604//1058 3603//1057
f 3588//1059 3600//1055 3599//1060
f 3588//1059 3587//1053 3600//1055
f 3589//1061 3599//1060 3598//1062
f 3589//1061 3588//1059 3599//1060
f 3590//1063 3598//1062 3597//1064
f 3590//1063 3589//1061 3598//1062
f 3591//1065 3597//1064 3596//1066
f 3591//1065 3590//1063 3597//1064
f 3592//1067 3596//1066 3595//1068
f 3592//1067 3591//1065 3596//1066
f 3593//29 3595//1068 3605//29
f 3593//29 3592//1067 3595//1068
f 3587//1053 3594//1053 3604//1058
f 3607//162 3606//162 3608//1069
f 3617//1070 3608//1069 3609//1071
f 3617//1070 3607//162 3608//1069
f 3618//1072 3609//1071 3610//1073
f 3618//1072 3617//1070 3609//1071
f 3619//1074 3610//1073 3611//1075
f 3619//1074 3618//1072 3610//1073
f 3620//1076 3611//1075 3612//1077
f 3620//1076 3619//1074 3611//1075
f 3621//1078 3612//1077 3613//1079
f 3621//1078 3620//1076 3612//1077
f 3622//1080 3613//1079 3614//1081
f 3622//1080 3621//1078 3613//1079
f 3616//133 3614//1081 3615//133
f 3616//133 3622//1080 3614//1081
s 0
f 3625//506 3623//506 3624//506
f 3625//506 3624//506 3626//506
f 3628//233 3627//233 3631//233
f 3629//233 3630//233 3627//233
f 3630//233 3631//233 3627//233
f 3641//161 3639//161 3640//161
f 3638//161 3641//161 3642//161
f 3638//161 3639//161 3641//161
f 3637//161 3638//161 3642//161
f 3643//161 3637//161 3642//161
f 3644//161 3637//161 3643//161
f 3646//161 3647//161 3632//161
s 1
f 3635//161 3636//161 3646//161
s 0
f 3634//161 3635//161 3646//161
f 3633//161 3634//161 3646//161
f 3632//161 3633//161 3646//161
f 3636//161 3637//161 3644//161
s 1
f 3636//161 3644//161 3645//1082
s 0
f 3645//161 3646//161 3636//161
s 1
f 3658//1083 3649//161 3648//161
f 3658//1083 3648//161 3650//1083
f 3659//1084 3650//1083 3651//1084
f 3659//1084 3658//1083 3650//1083
f 3660//1085 3651//1084 3652//1085
f 3660//1085 3659//1084 3651//1084
f 3661//1086 3652//1085 3653//1086
f 3661//1086 3660//1085 3652//1085
f 3662//1087 3653//1086 3654//1087
f 3662//1087 3661//1086 3653//1086
f 3663//1088 3654//1087 3655//1088
f 3663//1088 3662//1087 3654//1087
f 3657//562 3655//1088 3656//1089
f 3657//562 3663//1088 3655//1088
f 3673//1090 3665//46 3664//46
f 3673//1090 3664//46 3666//1091
f 3674//1092 3666//1091 3667//1093
f 3674//1092 3673//1090 3666//1091
f 3675//1094 3674//1092 3667//1093
f 3676//1095 3667//1093 3668//1096
f 3676//1095 3675//1094 3667//1093
f 3677//1097 3668//1096 3669//1098
f 3677//1097 3676//1095 3668//1096
f 3678//1099 3669//1098 3670//1100
f 3678//1099 3677//1097 3669//1098
f 3672//161 3670//1100 3671//161
f 3672//161 3678//1099 3670//1100
f 3680//1101 3679//161 3687//161
f 3680//1101 3694//1101 3693//1102
f 3680//1101 3687//161 3694//1101
f 3681//1102 3693//1102 3692//1103
f 3681//1102 3680//1101 3693//1102
f 3682//1103 3692//1103 3691//1104
f 3682//1103 3681//1102 3692//1103
f 3683//1104 3691//1104 3690//1105
f 3683//1104 3682//1103 3691//1104
f 3684//1105 3690//1105 3689//1106
f 3684//1105 3683//1104 3690//1105
f 3685//1106 3684//1105 3689//1106
f 3686//29 3689//1106 3688//29
f 3686//29 3685//1106 3689//1106
f 3701//1088 3710//1107 3702//1089
f 3695//161 3703//1108 3696//1083
f 3716//1109 3712//1110 3711//1111
f 3717//1112 3708//1113 3709//29
f 3717//1112 3709//29 3715//1114
f 3718//1115 3713//1116 3712//1110
f 3718//1115 3714//1117 3713//1116
f 3718//1115 3712//1110 3716//1109
f 3719//1118 3711//1111 3710//1107
f 3719//1118 3716//1109 3711//1111
f 3720//1119 3707//1120 3708//1113
f 3720//1119 3715//1114 3714//1117
f 3720//1119 3714//1117 3718//1115
f 3720//1119 3717//1112 3715//1114
f 3720//1119 3708//1113 3717//1112
f 3721//1121 3716//1109 3719//1118
f 3721//1121 3718//1115 3716//1109
f 3722//1122 3701//1088 3700//1087
f 3722//1122 3710//1107 3701//1088
f 3722//1122 3719//1118 3710//1107
f 3723//1123 3718//1115 3721//1121
f 3723//1123 3720//1119 3718//1115
f 3724//1124 3700//1087 3699//1086
f 3724//1124 3721//1121 3719//1118
f 3724//1124 3719//1118 3722//1122
f 3724//1124 3722//1122 3700//1087
f 3725//1125 3705//1103 3706//1126
f 3725//1125 3706//1126 3707//1120
f 3725//1125 3720//1119 3723//1123
f 3725//1125 3707//1120 3720//1119
f 3726//1127 3723//1123 3721//1121
f 3726//1127 3721//1121 3724//1124
f 3727//1128 3704//1102 3705//1103
f 3727//1128 3723//1123 3726//1127
f 3727//1128 3705//1103 3725//1125
f 3727//1128 3725//1125 3723//1123
f 3728//1129 3698//1085 3697//1084
f 3728//1129 3699//1086 3698//1085
f 3728//1129 3724//1124 3699//1086
f 3728//1129 3726//1127 3724//1124
f 3729//1130 3697//1084 3696//1083
f 3729//1130 3703//1108 3704//1102
f 3729//1130 3728//1129 3697//1084
f 3729//1130 3704//1102 3727//1128
f 3729//1130 3696//1083 3703//1108
f 3729//1130 3727//1128 3726//1127
f 3729//1130 3726//1127 3728//1129
f 3747//1131 3739//29 3738//29
f 3750//1132 3736//1114 3737//29
f 3750//1132 3737//29 3740//29
f 3751//1133 3735//1117 3736//1114
f 3751//1133 3736//1114 3750//1132
f 3752//1134 3734//1116 3735//1117
f 3752//1134 3735//1117 3751//1133
f 3753//1135 3733//1110 3734//1116
f 3753//1135 3734//1116 3752//1134
f 3754//1136 3731//1107 3732//1137
f 3754//1136 3732//1137 3733//1110
f 3754//1136 3733//1110 3753//1135
f 3755//1138 3730//562 3731//1107
f 3755//1138 3748//561 3730//562
f 3755//1138 3731//1107 3754//1136
f 3756//1139 3740//29 3739//29
f 3756//1139 3750//1132 3740//29
f 3756//1139 3751//1133 3750//1132
f 3756//1139 3739//29 3747//1131
f 3757//1140 3747//1131 3746//1141
f 3757//1140 3756//1139 3747//1131
f 3757//1140 3751//1133 3756//1139
f 3758//1142 3746//1141 3745//1143
f 3758//1142 3751//1133 3757//1140
f 3758//1142 3757//1140 3746//1141
f 3758//1142 3752//1134 3751//1133
f 3759//1144 3745//1143 3744//1145
f 3759//1144 3758//1142 3745//1143
f 3759//1144 3753//1135 3752//1134
f 3759//1144 3752//1134 3758//1142
f 3760//1146 3744//1145 3743//1147
f 3760//1146 3754//1136 3753//1135
f 3760//1146 3759//1144 3744//1145
f 3760//1146 3753//1135 3759//1144
f 3761//1148 3742//1149 3741//1150
f 3761//1148 3743//1147 3742//1149
f 3761//1148 3749//559 3748//561
f 3761//1148 3741//1150 3749//559
f 3761//1148 3754//1136 3760//1146
f 3761//1148 3755//1138 3754//1136
f 3761//1148 3748//561 3755//1138
f 3761//1148 3760//1146 3743//1147
f 3772//157 3771//6 3784//1151
f 3763//1149 3778//1152 3762//1150
f 3785//1153 3773//22 3772//157
f 3785//1153 3772//157 3784//1151
f 3786//1154 3783//1155 3782//1156
f 3786//1154 3784//1151 3783//1155
f 3786//1154 3785//1153 3784//1151
f 3787//1157 3782//1156 3781//1158
f 3787//1157 3786//1154 3782//1156
f 3788//1159 3774//1160 3773//22
f 3788//1159 3785//1153 3786//1154
f 3788//1159 3773//22 3785//1153
f 3789//1161 3781//1158 3780//1162
f 3789//1161 3787//1157 3781//1158
f 3790//1163 3786//1154 3787//1157
f 3790//1163 3788//1159 3786//1154
f 3791//1164 3775//34 3774//1160
f 3791//1164 3776//158 3775//34
f 3791//1164 3774//1160 3788//1159
f 3792//1165 3779//1166 3778//1152
f 3792//1165 3780//1162 3779//1166
f 3792//1165 3789//1161 3780//1162
f 3793//1167 3787//1157 3789//1161
f 3793//1167 3790//1163 3787//1157
f 3794//1168 3791//1164 3788//1159
f 3794//1168 3788//1159 3790//1163
f 3795//1169 3763//1149 3764//1147
f 3795//1169 3792//1165 3778//1152
f 3795//1169 3778//1152 3763//1149
f 3796//1170 3789//1161 3792//1165
f 3796//1170 3793//1167 3789//1161
f 3797//1171 3790//1163 3793//1167
f 3797//1171 3794//1168 3790//1163
f 3798//1172 3777//39 3776//158
f 3798//1172 3770//29 3777//39
f 3798//1172 3776//158 3791//1164
f 3798//1172 3791//1164 3794//1168
f 3799//1173 3764//1147 3765//1145
f 3799//1173 3795//1169 3764//1147
f 3799//1173 3792//1165 3795//1169
f 3799//1173 3796//1170 3792//1165
f 3800//1174 3793//1167 3796//1170
f 3800//1174 3797//1171 3793//1167
f 3801//1175 3770//29 3798//1172
f 3801//1175 3794//1168 3797//1171
f 3801//1175 3798//1172 3794//1168
f 3802//1176 3796//1170 3799//1173
f 3802//1176 3800//1174 3796//1170
f 3803//1177 3769//1178 3770//29
f 3803//1177 3770//29 3801//1175
f 3803//1177 3797//1171 3800//1174
f 3803//1177 3801//1175 3797//1171
f 3804//1179 3765//1145 3766//1143
f 3804//1179 3766//1143 3767//1141
f 3804//1179 3799//1173 3765//1145
f 3804//1179 3802//1176 3799//1173
f 3805//1180 3769//1178 3803//1177
f 3805//1180 3800//1174 3802//1176
f 3805//1180 3803//1177 3800//1174
f 3806//1181 3804//1179 3767//1141
f 3806//1181 3802//1176 3804//1179
f 3806//1181 3805//1180 3802//1176
f 3806//1181 3767//1141 3768//1131
f 3806//1181 3768//1131 3769//1178
f 3806//1181 3769//1178 3805//1180
f 3817//1150 3807//1150 3808//1182
f 3818//1182 3808//1182 3809//1166
f 3818//1182 3817//1150 3808//1182
f 3819//1166 3809//1166 3810//1162
f 3819//1166 3818//1182 3809//1166
f 3820//1162 3810//1162 3811//1158
f 3820//1162 3819//1166 3810//1162
f 3821//1158 3811//1158 3812//1156
f 3821//1158 3820//1162 3811//1158
f 3822//1156 3812//1156 3813//1155
f 3822//1156 3821//1158 3812//1156
f 3823//1155 3813//1155 3814//1183
f 3823//1155 3822//1156 3813//1155
f 3824//1183 3814//1183 3815//6
f 3824//1183 3823//1155 3814//1183
f 3816//6 3824//1183 3815//6
f 3825//78 3834//78 3842//1184
f 3826//1184 3825//78 3842//1184
f 3827//1185 3842//1184 3841//1185
f 3827//1185 3826//1184 3842//1184
f 3828//1186 3841//1185 3840//1186
f 3828//1186 3827//1185 3841//1185
f 3829//1187 3840//1186 3839//1187
f 3829//1187 3828//1186 3840//1186
f 3830//1188 3839//1187 3838//1188
f 3830//1188 3829//1187 3839//1187
f 3831//1189 3838//1188 3837//1189
f 3831//1189 3830//1188 3838//1188
f 3832//1190 3837//1189 3836//1190
f 3832//1190 3831//1189 3837//1189
f 3833//1191 3836//1190 3835//1191
f 3833//1191 3832//1190 3836//1190
f 3860//1192 3843//1191 3844//1193
f 3858//159 3850//1194 3851//78
f 3866//1195 3861//1196 3860//1192
f 3866//1195 3860//1192 3844//1193
f 3867//1197 3844//1193 3845//1189
f 3867//1197 3845//1189 3846//1188
f 3867//1197 3866//1195 3844//1193
f 3868//1198 3846//1188 3847//1187
f 3868//1198 3867//1197 3846//1188
f 3869//1199 3862//1200 3861//1196
f 3869//1199 3866//1195 3867//1197
f 3869//1199 3861//1196 3866//1195
f 3870//1201 3847//1187 3848//1186
f 3870//1201 3868//1198 3847//1187
f 3871//1202 3867//1197 3868//1198
f 3871//1202 3869//1199 3867//1197
f 3872//1203 3863//1204 3862//1200
f 3872//1203 3864//1205 3863//1204
f 3872//1203 3862//1200 3869//1199
f 3873//1206 3848//1186 3849//1185
f 3873//1206 3849//1185 3850//1194
f 3873//1206 3870//1201 3848//1186
f 3874//1207 3871//1202 3868//1198
f 3874//1207 3868//1198 3870//1201
f 3875//1208 3869//1199 3871//1202
f 3875//1208 3872//1203 3869//1199
f 3876//1209 3858//159 3857//84
f 3876//1209 3873//1206 3850//1194
f 3876//1209 3850//1194 3858//159
f 3877//1210 3874//1207 3870//1201
f 3877//1210 3870//1201 3873//1206
f 3878//1211 3875//1208 3871//1202
f 3878//1211 3871//1202 3874//1207
f 3879//1212 3865//1213 3864//1205
f 3879//1212 3859//29 3865//1213
f 3879//1212 3864//1205 3872//1203
f 3879//1212 3872//1203 3875//1208
f 3880//1214 3857//84 3856//1215
f 3880//1214 3876//1209 3857//84
f 3880//1214 3873//1206 3876//1209
f 3880//1214 3877//1210 3873//1206
f 3881//1216 3874//1207 3877//1210
f 3881//1216 3878//1211 3874//1207
f 3882//1217 3859//29 3879//1212
f 3882//1217 3875//1208 3878//1211
f 3882//1217 3879//1212 3875//1208
f 3883//1218 3877//1210 3880//1214
f 3883//1218 3881//1216 3877//1210
f 3884//1219 3852//1220 3859//29
f 3884//1219 3859//29 3882//1217
f 3884//1219 3878//1211 3881//1216
f 3884//1219 3882//1217 3878//1211
f 3885//1221 3855//95 3854//160
f 3885//1221 3856//1215 3855//95
f 3885//1221 3880//1214 3856//1215
f 3885//1221 3883//1218 3880//1214
f 3886//1222 3852//1220 3884//1219
f 3886//1222 3881//1216 3883//1218
f 3886//1222 3884//1219 3881//1216
f 3887//1223 3883//1218 3885//1221
f 3887//1223 3886//1222 3883//1218
f 3887//1223 3853//105 3852//1220
f 3887//1223 3854//160 3853//105
f 3887//1223 3885//1221 3854//160
f 3887//1223 3852//1220 3886//1222
f 3908//1224 3904//1225 3905//29
f 3908//1224 3905//29 3907//29
f 3909//1226 3902//1227 3903//1228
f 3909//1226 3903//1228 3904//1225
f 3909//1226 3904//1225 3908//1224
f 3910//1229 3902//1227 3909//1226
f 3911//1230 3901//1200 3902//1227
f 3911//1230 3902//1227 3910//1229
f 3912//1231 3900//1196 3901//1200
f 3912//1231 3901//1200 3911//1230
f 3913//1232 3897//1233 3896//1191
f 3913//1232 3896//1191 3899//1192
f 3913//1232 3899//1192 3900//1196
f 3913//1232 3900//1196 3912//1231
f 3914//1234 3895//29 3894//1235
f 3914//1234 3906//29 3895//29
f 3914//1234 3907//29 3906//29
f 3914//1234 3909//1226 3908//1224
f 3914//1234 3908//1224 3907//29
f 3915//1236 3894//1235 3893//1237
f 3915//1236 3909//1226 3914//1234
f 3915//1236 3914//1234 3894//1235
f 3916//1238 3893//1237 3892//1239
f 3916//1238 3909//1226 3915//1236
f 3916//1238 3910//1229 3909//1226
f 3916//1238 3915//1236 3893//1237
f 3917//1240 3892//1239 3891//1241
f 3917//1240 3916//1238 3892//1239
f 3917//1240 3911//1230 3910//1229
f 3917//1240 3912//1231 3911//1230
f 3917//1240 3910//1229 3916//1238
f 3918//1242 3891//1241 3890//1243
f 3918//1242 3917//1240 3891//1241
f 3918//1242 3912//1231 3917//1240
f 3919//1244 3889//1245 3888//556
f 3919//1244 3890//1243 3889//1245
f 3919//1244 3898//555 3897//1233
f 3919//1244 3888//556 3898//555
f 3919//1244 3913//1232 3912//1231
f 3919//1244 3897//1233 3913//1232
f 3919//1244 3918//1242 3890//1243
f 3919//1244 3912//1231 3918//1242
f 3928//1246 3921//773 3920//774
f 3935//1247 3927//162 3926//779
f 3941//1248 3922//775 3921//773
f 3941//1248 3921//773 3928//1246
f 3942//1249 3928//1246 3929//1250
f 3942//1249 3941//1248 3928//1246
f 3943//1251 3923//776 3922//775
f 3943//1251 3922//775 3941//1248
f 3943//1251 3941//1248 3942//1249
f 3944//1252 3929//1250 3930//1241
f 3944//1252 3942//1249 3929//1250
f 3945//1253 3924//777 3923//776
f 3945//1253 3925//778 3924//777
f 3945//1253 3923//776 3943//1251
f 3946//1254 3942//1249 3944//1252
f 3946//1254 3943//1251 3942//1249
f 3947//1255 3945//1253 3943//1251
f 3947//1255 3943//1251 3946//1254
f 3948//1256 3930//1241 3931//1239
f 3948//1256 3946//1254 3944//1252
f 3948//1256 3944//1252 3930//1241
f 3949//1257 3926//779 3925//778
f 3949//1257 3936//1258 3935//1247
f 3949//1257 3945//1253 3947//1255
f 3949//1257 3925//778 3945//1253
f 3949//1257 3935//1247 3926//779
f 3950//1259 3947//1255 3946//1254
f 3950//1259 3946//1254 3948//1256
f 3951//1260 3931//1239 3932//1237
f 3951//1260 3948//1256 3931//1239
f 3952//1261 3937//1262 3936//1258
f 3952//1261 3936//1258 3949//1257
f 3952//1261 3949//1257 3947//1255
f 3952//1261 3947//1255 3950//1259
f 3953//1263 3932//1237 3933//1235
f 3953//1263 3940//1264 3939//1265
f 3953//1263 3950//1259 3948//1256
f 3953//1263 3951//1260 3932//1237
f 3953//1263 3948//1256 3951//1260
f 3954//1266 3938//1267 3937//1262
f 3954//1266 3939//1265 3938//1267
f 3954//1266 3937//1262 3952//1261
f 3954//1266 3953//1263 3939//1265
f 3954//1266 3952//1261 3950//1259
f 3954//1266 3950//1259 3953//1263
f 3955//1268 3933//1235 3934//156
f 3955//1268 3934//156 3940//1264
f 3955//1268 3940//1264 3953//1263
f 3955//1268 3953//1263 3933//1235
f 3970//1269 3963//29 3962//1269
f 3970//1269 3971//29 3963//29
f 3969//1270 3962//1269 3961//1270
f 3969//1270 3970//1269 3962//1269
f 3968//1271 3961//1270 3960//1271
f 3968//1271 3969//1270 3961//1270
f 3967//1262 3960//1271 3959//1262
f 3967//1262 3968//1271 3960//1271
f 3966//1258 3959//1262 3958//1258
f 3966//1258 3967//1262 3959//1262
f 3965//1272 3958//1258 3957//1272
f 3965//1272 3966//1258 3958//1258
f 3964//162 3957//1272 3956//162
f 3964//162 3965//1272 3957//1272
f 3980//755 3982//1273 3981//1274
f 3979//1273 3983//1275 3982//1273
f 3979//1273 3982//1273 3980//755
f 3978//1275 3984//1276 3983//1275
f 3978//1275 3983//1275 3979//1273
f 3977//1277 3985//1278 3984//1276
f 3977//1277 3984//1276 3978//1275
f 3976//1278 3986//1279 3985//1278
f 3976//1278 3985//1278 3977//1277
f 3975//1279 3987//1280 3986//1279
f 3975//1279 3986//1279 3976//1278
f 3974//1280 3972//417 3987//1280
f 3974//1280 3987//1280 3975//1279
f 3973//417 3972//417 3974//1280
f 3995//1281 3997//420 3996//420
f 3995//1281 3998//1281 3997//420
f 3994//1282 3999//1282 3998//1281
f 3994//1282 3998//1281 3995//1281
f 3993//1283 4000//1283 3999//1282
f 3993//1283 3999//1282 3994//1282
f 3992//1284 4001//1285 4000//1283
f 3992//1284 4000//1283 3993//1283
f 3991//1286 4002//1286 4001//1285
f 3991//1286 4001//1285 3992//1284
f 3990//1287 4003//1287 4002//1286
f 3990//1287 4002//1286 3991//1286
f 3989//772 3988//1288 4003//1287
f 3989//772 4003//1287 3990//1287
f 4004//1289 4014//1290 4013//1291
f 4004//1289 4015//1292 4014//1290
f 4004//1289 4016//1293 4015//1292
f 4004//1289 4017//1294 4016//1293
f 4004//1289 4018//1295 4017//1294
f 4005//1296 4013//1291 4012//1297
f 4005//1296 4004//1289 4013//1291
f 4006//1298 4012//1297 4011//1299
f 4006//1298 4005//1296 4012//1297
f 4007//1300 4011//1299 4010//1301
f 4007//1300 4006//1298 4011//1299
f 4008//29 4010//1301 4019//29
f 4008//29 4007//1300 4010//1301
f 4004//1289 4009//1302 4018//1295
